#Organism Name,Organism Groups,Strain,BioSample,BioProject,Assembly,Level,Size(Mb),GC%,Replicons,WGS,Scaffolds,CDS,Release Date,GenBank FTP,RefSeq FTP
"Type-D symbiont of Plautia stali","Bacteria;Proteobacteria;Gammaproteobacteria","Ps-ISGKm56","SAMD00020671","PRJDB3131","GCA_001485335.1","Contig",5.53706,53.8,,"BBOC01",280,5043,"2015-11-11T00:00:00Z","ftp://ftp.ncbi.nlm.nih.gov/genomes/all/GCA/001/485/335/GCA_001485335.1_D_1.0","ftp://ftp.ncbi.nlm.nih.gov/genomes/all/GCF/001/485/335/GCF_001485335.1_D_1.0"
"Cedecea colo","Bacteria;Proteobacteria;Gammaproteobacteria","ZA","SAMN11124441","PRJNA526971","GCA_011808225.1","Contig",4.45993,53.1,,"SOYS01",36,3996,"2020-03-31T00:00:00Z","ftp://ftp.ncbi.nlm.nih.gov/genomes/all/GCA/011/808/225/GCA_011808225.1_ASM1180822v1","ftp://ftp.ncbi.nlm.nih.gov/genomes/all/GCF/011/808/225/GCF_011808225.1_ASM1180822v1"
"Escherichia whittamii","Bacteria;Proteobacteria;Gammaproteobacteria","C2-3","SAMN20959621","PRJNA757375","GCA_020283705.1","Scaffold",4.56368,50.6,,"JAINCF01",53,4165,"2021-10-05T00:00:00Z","ftp://ftp.ncbi.nlm.nih.gov/genomes/all/GCA/020/283/705/GCA_020283705.1_ASM2028370v1","ftp://ftp.ncbi.nlm.nih.gov/genomes/all/GCF/020/283/705/GCF_020283705.1_ASM2028370v1"
"secondary endosymbiont of Ctenarytaina eucalypti","Bacteria;Proteobacteria;Gammaproteobacteria","Ceuc_S","SAMN02604351","PRJNA165193","GCA_000287335.1","Complete",1.44114,43.3,"chromosome:NC_018419.1/CP003546.1",,1,710,"2012-08-13T00:00:00Z","ftp://ftp.ncbi.nlm.nih.gov/genomes/all/GCA/000/287/335/GCA_000287335.1_ASM28733v1","ftp://ftp.ncbi.nlm.nih.gov/genomes/all/GCF/000/287/335/GCF_000287335.1_ASM28733v1"
"secondary endosymbiont of Heteropsylla cubana","Bacteria;Proteobacteria;Gammaproteobacteria","Hcub_S","SAMN02604352","PRJNA165199","GCA_000287355.1","Complete",1.1216,28.9,"chromosome:NC_018420.1/CP003547.1",,1,548,"2012-08-13T00:00:00Z","ftp://ftp.ncbi.nlm.nih.gov/genomes/all/GCA/000/287/355/GCA_000287355.1_ASM28735v1","ftp://ftp.ncbi.nlm.nih.gov/genomes/all/GCF/000/287/355/GCF_000287355.1_ASM28735v1"
"secondary endosymbiont of Trabutina mannipara","Bacteria;Proteobacteria;Gammaproteobacteria","TRABTM","SAMEA3935976","PRJEB13573","GCA_900090215.1","Complete",0.298471,32.6,"chromosome I:NZ_LT594522.1/LT594522.1",,1,235,"2016-07-16T00:00:00Z","ftp://ftp.ncbi.nlm.nih.gov/genomes/all/GCA/900/090/215/GCA_900090215.1_TRABTM","ftp://ftp.ncbi.nlm.nih.gov/genomes/all/GCF/900/090/215/GCF_900090215.1_TRABTM"
"Mangrovibacter phragmitis","Bacteria;Proteobacteria;Gammaproteobacteria","MP23","SAMN05177220","PRJNA323358","GCA_001655675.1","Contig",4.94747,49.9,,"LYRP01",50,4398,"2016-06-03T00:00:00Z","ftp://ftp.ncbi.nlm.nih.gov/genomes/all/GCA/001/655/675/GCA_001655675.1_ASM165567v1","ftp://ftp.ncbi.nlm.nih.gov/genomes/all/GCF/001/655/675/GCF_001655675.1_ASM165567v1"
"Mangrovibacter plantisponsor","Bacteria;Proteobacteria;Gammaproteobacteria","DSM 19579","SAMN09064728","PRJNA456025","GCA_003182475.1","Scaffold",5.35299,50.4,,"QGTS01",56,4780,"2018-05-31T00:00:00Z","ftp://ftp.ncbi.nlm.nih.gov/genomes/all/GCA/003/182/475/GCA_003182475.1_ASM318247v1","ftp://ftp.ncbi.nlm.nih.gov/genomes/all/GCF/003/182/475/GCF_003182475.1_ASM318247v1"
"Kosakonia quasisacchari","Bacteria;Proteobacteria;Gammaproteobacteria","WCHEs120001","SAMN10995740","PRJNA524064","GCA_004331415.1","Contig",5.1498,53.3,,"SJOP01",106,4759,"2019-03-06T00:00:00Z","ftp://ftp.ncbi.nlm.nih.gov/genomes/all/GCA/004/331/415/GCA_004331415.1_ASM433141v1","ftp://ftp.ncbi.nlm.nih.gov/genomes/all/GCF/004/331/415/GCF_004331415.1_ASM433141v1"
"Franconibacter daqui","Bacteria;Proteobacteria;Gammaproteobacteria","CGMCC 1.15944","SAMD00245101","PRJDB10509","GCA_014644275.1","Contig",4.58629,56.5,,"BMKJ01",19,4121,"2020-09-11T00:00:00Z","ftp://ftp.ncbi.nlm.nih.gov/genomes/all/GCA/014/644/275/GCA_014644275.1_ASM1464427v1","ftp://ftp.ncbi.nlm.nih.gov/genomes/all/GCF/014/644/275/GCF_014644275.1_ASM1464427v1"
"Kluyvera sichuanensis","Bacteria;Proteobacteria;Gammaproteobacteria","090646","SAMN14563383","PRJNA418679","GCA_014218705.1","Contig",5.47681,54.5,,"JABBJF01",117,5125,"2020-08-17T00:00:00Z","ftp://ftp.ncbi.nlm.nih.gov/genomes/all/GCA/014/218/705/GCA_014218705.1_ASM1421870v1","ftp://ftp.ncbi.nlm.nih.gov/genomes/all/GCF/014/218/705/GCF_014218705.1_ASM1421870v1"
"Mangrovibacter yixingensis","Bacteria;Proteobacteria;Gammaproteobacteria","SaN21-3","SAMN21557958","PRJNA682484","GCA_020523985.1","Contig",4.98307,49.7,,"JAIVKM01",25,4457,"2021-10-18T00:00:00Z","ftp://ftp.ncbi.nlm.nih.gov/genomes/all/GCA/020/523/985/GCA_020523985.1_ASM2052398v1","ftp://ftp.ncbi.nlm.nih.gov/genomes/all/GCF/020/523/985/GCF_020523985.1_ASM2052398v1"
"Intestinirhabdus alba","Bacteria;Proteobacteria;Gammaproteobacteria","BIT-B35","SAMN13282332","PRJNA589487","GCA_009711095.1","Scaffold",4.82948,57.1,,"WMJZ01",174,4294,"2019-11-26T00:00:00Z","ftp://ftp.ncbi.nlm.nih.gov/genomes/all/GCA/009/711/095/GCA_009711095.1_ASM971109v1","ftp://ftp.ncbi.nlm.nih.gov/genomes/all/GCF/009/711/095/GCF_009711095.1_ASM971109v1"
"Shigella boydii","Bacteria;Proteobacteria;Gammaproteobacteria","600384","SAMN04001708","PRJNA293192","GCA_001905915.1","Contig",4.36727,50.8,,"LPTR01",305,3767,"2016-12-15T00:00:00Z","ftp://ftp.ncbi.nlm.nih.gov/genomes/all/GCA/001/905/915/GCA_001905915.1_ASM190591v1","ftp://ftp.ncbi.nlm.nih.gov/genomes/all/GCF/001/905/915/GCF_001905915.1_ASM190591v1"
"Trabulsiella odontotermitis","Bacteria;Proteobacteria;Gammaproteobacteria","TbO1.1","SAMN03943319","PRJNA291074","GCA_001297845.1","Scaffold",4.62143,54.8,,"LIFU01",51,4173,"2015-09-23T00:00:00Z","ftp://ftp.ncbi.nlm.nih.gov/genomes/all/GCA/001/297/845/GCA_001297845.1_ASM129784v1","ftp://ftp.ncbi.nlm.nih.gov/genomes/all/GCF/001/297/845/GCF_001297845.1_ASM129784v1"
"Buttiauxella noackiae","Bacteria;Proteobacteria;Gammaproteobacteria","MCE","SAMN02928654","PRJNA255777","GCA_000737905.1","Contig",4.76674,49.3,,"JPRU01",12,4261,"2014-08-05T00:00:00Z","ftp://ftp.ncbi.nlm.nih.gov/genomes/all/GCA/000/737/905/GCA_000737905.1_ASM73790v1","ftp://ftp.ncbi.nlm.nih.gov/genomes/all/GCF/000/737/905/GCF_000737905.1_ASM73790v1"
"Buttiauxella brennerae ATCC 51605","Bacteria;Proteobacteria;Gammaproteobacteria","ATCC 51605","SAMN04870318","PRJNA210901","GCA_001654925.1","Contig",4.75827,50.6,,"LXER01",88,4328,"2016-06-02T00:00:00Z","ftp://ftp.ncbi.nlm.nih.gov/genomes/all/GCA/001/654/925/GCA_001654925.1_Bbr51605_DRAFTv1","ftp://ftp.ncbi.nlm.nih.gov/genomes/all/GCF/001/654/925/GCF_001654925.1_Bbr51605_DRAFTv1"
"Citrobacter europaeus","Bacteria;Proteobacteria;Gammaproteobacteria","67A","SAMN08290423","PRJNA427943","GCA_003795375.1","Scaffold",5.28465,51.8,,"PQSZ01",31,4834,"2018-11-19T00:00:00Z","ftp://ftp.ncbi.nlm.nih.gov/genomes/all/GCA/003/795/375/GCA_003795375.1_ASM379537v1","ftp://ftp.ncbi.nlm.nih.gov/genomes/all/GCF/003/795/375/GCF_003795375.1_ASM379537v1"
"Superficieibacter electus","Bacteria;Proteobacteria;Gammaproteobacteria","BP-1","SAMN07405751","PRJNA395420","GCA_002915575.1","Contig",5.68015,52.4,,"PQGD01",89,5267,"2018-02-04T00:00:00Z","ftp://ftp.ncbi.nlm.nih.gov/genomes/all/GCA/002/915/575/GCA_002915575.1_ASM291557v1","ftp://ftp.ncbi.nlm.nih.gov/genomes/all/GCF/002/915/575/GCF_002915575.1_ASM291557v1"
"Buttiauxella izardii","Bacteria;Proteobacteria;Gammaproteobacteria","CCUG 35510","SAMN10094259","PRJNA305687","GCA_003601925.1","Contig",4.76998,51.3,,"QZWH01",91,4290,"2018-10-01T00:00:00Z","ftp://ftp.ncbi.nlm.nih.gov/genomes/all/GCA/003/601/925/GCA_003601925.1_ASM360192v1","ftp://ftp.ncbi.nlm.nih.gov/genomes/all/GCF/003/601/925/GCF_003601925.1_ASM360192v1"
"Buttiauxella warmboldiae","Bacteria;Proteobacteria;Gammaproteobacteria","CCUG 35512","SAMN10440164","PRJNA305687","GCA_003818135.1","Contig",4.30146,52.4,,"RPOH01",135,3849,"2018-11-25T00:00:00Z","ftp://ftp.ncbi.nlm.nih.gov/genomes/all/GCA/003/818/135/GCA_003818135.1_ASM381813v1","ftp://ftp.ncbi.nlm.nih.gov/genomes/all/GCF/003/818/135/GCF_003818135.1_ASM381813v1"
"Atlantibacter subterranea","Bacteria;Proteobacteria;Gammaproteobacteria","ZYL01","SAMN12234612","PRJNA553324","GCA_007570865.1","Contig",4.59744,55.4,,"VLPS01",18,4213,"2019-07-27T00:00:00Z","ftp://ftp.ncbi.nlm.nih.gov/genomes/all/GCA/007/570/865/GCA_007570865.1_ASM757086v1","ftp://ftp.ncbi.nlm.nih.gov/genomes/all/GCF/007/570/865/GCF_007570865.1_ASM757086v1"
"Edaphovirga cremea","Bacteria;Proteobacteria;Gammaproteobacteria","DSM 105170","SAMN09521565","PRJNA478623","GCA_003332275.1","Scaffold",5.19381,50.3,,"QOVA01",70,4459,"2018-07-20T00:00:00Z","ftp://ftp.ncbi.nlm.nih.gov/genomes/all/GCA/003/332/275/GCA_003332275.1_ASM333227v1","ftp://ftp.ncbi.nlm.nih.gov/genomes/all/GCF/003/332/275/GCF_003332275.1_ASM333227v1"
"Enterobacteriaceae endosymbiont of Plateumaris sericea","Bacteria;Proteobacteria;Gammaproteobacteria","PserSym","SAMN13256169","PRJNA587602","GCA_012562605.1"," Chromosome",0.522069,20.3872,"chromosome:NZ_CP046224.1/CP046224.1; plasmid unnamed:NZ_CP046225.1/CP046225.1",,2,453,"2020-04-20T00:00:00Z","ftp://ftp.ncbi.nlm.nih.gov/genomes/all/GCA/012/562/605/GCA_012562605.1_ASM1256260v1","ftp://ftp.ncbi.nlm.nih.gov/genomes/all/GCF/012/562/605/GCF_012562605.1_ASM1256260v1"
"Enterobacteriaceae endosymbiont of Plateumaris pusilla","Bacteria;Proteobacteria;Gammaproteobacteria","PpusSym","SAMN13256168","PRJNA587602","GCA_012562765.1","Complete",0.519975,20.302,"chromosome:NZ_CP046226.1/CP046226.1; plasmid unnamed:NZ_CP046227.1/CP046227.1",,2,442,"2020-04-20T00:00:00Z","ftp://ftp.ncbi.nlm.nih.gov/genomes/all/GCA/012/562/765/GCA_012562765.1_ASM1256276v1","ftp://ftp.ncbi.nlm.nih.gov/genomes/all/GCF/012/562/765/GCF_012562765.1_ASM1256276v1"
"Enterobacteriaceae endosymbiont of Plateumaris rustica","Bacteria;Proteobacteria;Gammaproteobacteria","PrusSym","SAMN13256167","PRJNA587602","GCA_012562965.1"," Chromosome",0.504045,20.203,"chromosome:NZ_CP046228.1/CP046228.1; plasmid unnamed:NZ_CP046229.1/CP046229.1",,2,436,"2020-04-20T00:00:00Z","ftp://ftp.ncbi.nlm.nih.gov/genomes/all/GCA/012/562/965/GCA_012562965.1_ASM1256296v1","ftp://ftp.ncbi.nlm.nih.gov/genomes/all/GCF/012/562/965/GCF_012562965.1_ASM1256296v1"
"Enterobacteriaceae endosymbiont of Plateumaris braccata","Bacteria;Proteobacteria;Gammaproteobacteria","PbraSym","SAMN13256165","PRJNA587602","GCA_012563325.1"," Chromosome",0.517501,20.8072,"chromosome:NZ_CP046232.1/CP046232.1; plasmid unnamed:NZ_CP046233.1/CP046233.1",,2,445,"2020-04-20T00:00:00Z","ftp://ftp.ncbi.nlm.nih.gov/genomes/all/GCA/012/563/325/GCA_012563325.1_ASM1256332v1","ftp://ftp.ncbi.nlm.nih.gov/genomes/all/GCF/012/563/325/GCF_012563325.1_ASM1256332v1"
"Enterobacteriaceae endosymbiont of Donacia fulgens","Bacteria;Proteobacteria;Gammaproteobacteria","DfulgSym","SAMN13256190","PRJNA587602","GCA_012567545.1"," Chromosome",0.465858,19.5882,"chromosome:NZ_CP046182.1/CP046182.1; plasmid unnamed:NZ_CP046183.1/CP046183.1",,2,410,"2020-04-20T00:00:00Z","ftp://ftp.ncbi.nlm.nih.gov/genomes/all/GCA/012/567/545/GCA_012567545.1_ASM1256754v1","ftp://ftp.ncbi.nlm.nih.gov/genomes/all/GCF/012/567/545/GCF_012567545.1_ASM1256754v1"
"Enterobacteriaceae endosymbiont of Donacia marginata","Bacteria;Proteobacteria;Gammaproteobacteria","DmarSym","SAMN13256189","PRJNA587602","GCA_012567685.1"," Chromosome",0.467604,20.2844,"chromosome:NZ_CP046184.1/CP046184.1; plasmid unnamed:NZ_CP046185.1/CP046185.1",,2,408,"2020-04-20T00:00:00Z","ftp://ftp.ncbi.nlm.nih.gov/genomes/all/GCA/012/567/685/GCA_012567685.1_ASM1256768v1","ftp://ftp.ncbi.nlm.nih.gov/genomes/all/GCF/012/567/685/GCF_012567685.1_ASM1256768v1"
"Enterobacteriaceae endosymbiont of Donacia bicoloricornis","Bacteria;Proteobacteria;Gammaproteobacteria","DbicSym","SAMN13256188","PRJNA587602","GCA_012567955.1"," Chromosome",0.463713,21.0967,"chromosome:NZ_CP046186.1/CP046186.1; plasmid unnamed:NZ_CP046187.1/CP046187.1",,2,401,"2020-04-20T00:00:00Z","ftp://ftp.ncbi.nlm.nih.gov/genomes/all/GCA/012/567/955/GCA_012567955.1_ASM1256795v1","ftp://ftp.ncbi.nlm.nih.gov/genomes/all/GCF/012/567/955/GCF_012567955.1_ASM1256795v1"
"Enterobacteriaceae endosymbiont of Donacia thalassina","Bacteria;Proteobacteria;Gammaproteobacteria","DthaSym","SAMN13256187","PRJNA587602","GCA_012568245.1"," Chromosome",0.467823,20.0988,"chromosome:NZ_CP046188.1/CP046188.1; plasmid unnamed:NZ_CP046189.1/CP046189.1",,2,407,"2020-04-20T00:00:00Z","ftp://ftp.ncbi.nlm.nih.gov/genomes/all/GCA/012/568/245/GCA_012568245.1_ASM1256824v1","ftp://ftp.ncbi.nlm.nih.gov/genomes/all/GCF/012/568/245/GCF_012568245.1_ASM1256824v1"
"Enterobacteriaceae endosymbiont of Donacia vulgaris","Bacteria;Proteobacteria;Gammaproteobacteria","DvulSym","SAMN13256186","PRJNA587602","GCA_012568445.1"," Chromosome",0.465742,20.5023,"chromosome:NZ_CP046190.1/CP046190.1; plasmid unnamed:NZ_CP046191.1/CP046191.1",,2,407,"2020-04-20T00:00:00Z","ftp://ftp.ncbi.nlm.nih.gov/genomes/all/GCA/012/568/445/GCA_012568445.1_ASM1256844v1","ftp://ftp.ncbi.nlm.nih.gov/genomes/all/GCF/012/568/445/GCF_012568445.1_ASM1256844v1"
"Enterobacteriaceae endosymbiont of Donacia simplex","Bacteria;Proteobacteria;Gammaproteobacteria","DsimSym","SAMN13256185","PRJNA587602","GCA_012568645.1"," Chromosome",0.466924,19.9899,"chromosome:NZ_CP046192.1/CP046192.1; plasmid unnamed:NZ_CP046193.1/CP046193.1",,2,405,"2020-04-20T00:00:00Z","ftp://ftp.ncbi.nlm.nih.gov/genomes/all/GCA/012/568/645/GCA_012568645.1_ASM1256864v1","ftp://ftp.ncbi.nlm.nih.gov/genomes/all/GCF/012/568/645/GCF_012568645.1_ASM1256864v1"
"Enterobacteriaceae endosymbiont of Donacia cincticornis","Bacteria;Proteobacteria;Gammaproteobacteria","DcincSym","SAMN13256184","PRJNA587602","GCA_012568845.1"," Chromosome",0.461437,20.3101,"chromosome:NZ_CP046194.1/CP046194.1; plasmid unnamed:NZ_CP046195.1/CP046195.1",,2,399,"2020-04-20T00:00:00Z","ftp://ftp.ncbi.nlm.nih.gov/genomes/all/GCA/012/568/845/GCA_012568845.1_ASM1256884v1","ftp://ftp.ncbi.nlm.nih.gov/genomes/all/GCF/012/568/845/GCF_012568845.1_ASM1256884v1"
"Enterobacteriaceae endosymbiont of Donacia sparganii","Bacteria;Proteobacteria;Gammaproteobacteria","DsparSym","SAMN13256183","PRJNA587602","GCA_012569045.1"," Chromosome",0.47172,19.8956,"chromosome:NZ_CP046196.1/CP046196.1; plasmid unnamed:NZ_CP046197.1/CP046197.1",,2,407,"2020-04-20T00:00:00Z","ftp://ftp.ncbi.nlm.nih.gov/genomes/all/GCA/012/569/045/GCA_012569045.1_ASM1256904v1","ftp://ftp.ncbi.nlm.nih.gov/genomes/all/GCF/012/569/045/GCF_012569045.1_ASM1256904v1"
"Enterobacteriaceae endosymbiont of Donacia proxima","Bacteria;Proteobacteria;Gammaproteobacteria","DproxSym","SAMN13256182","PRJNA587602","GCA_012569285.1"," Chromosome",0.46453,20.2111,"chromosome:NZ_CP046198.1/CP046198.1; plasmid unnamed:NZ_CP046199.1/CP046199.1",,2,399,"2020-04-20T00:00:00Z","ftp://ftp.ncbi.nlm.nih.gov/genomes/all/GCA/012/569/285/GCA_012569285.1_ASM1256928v1","ftp://ftp.ncbi.nlm.nih.gov/genomes/all/GCF/012/569/285/GCF_012569285.1_ASM1256928v1"
"Enterobacteriaceae endosymbiont of Donacia crassipes","Bacteria;Proteobacteria;Gammaproteobacteria","DcraSym","SAMN13256180","PRJNA587602","GCA_012569785.1"," Chromosome",0.464968,20.0098,"chromosome:NZ_CP046202.1/CP046202.1; plasmid unnamed:NZ_CP046203.1/CP046203.1",,2,403,"2020-04-20T00:00:00Z","ftp://ftp.ncbi.nlm.nih.gov/genomes/all/GCA/012/569/785/GCA_012569785.1_ASM1256978v1","ftp://ftp.ncbi.nlm.nih.gov/genomes/all/GCF/012/569/785/GCF_012569785.1_ASM1256978v1"
"Enterobacteriaceae endosymbiont of Donacia cinerea","Bacteria;Proteobacteria;Gammaproteobacteria","DcinSym","SAMN13256179","PRJNA587602","GCA_012569925.1"," Chromosome",0.468015,20.1956,"chromosome:NZ_CP046204.1/CP046204.1; plasmid unnamed:NZ_CP046205.1/CP046205.1",,2,409,"2020-04-20T00:00:00Z","ftp://ftp.ncbi.nlm.nih.gov/genomes/all/GCA/012/569/925/GCA_012569925.1_ASM1256992v1","ftp://ftp.ncbi.nlm.nih.gov/genomes/all/GCF/012/569/925/GCF_012569925.1_ASM1256992v1"
"Enterobacteriaceae endosymbiont of Donacia provostii","Bacteria;Proteobacteria;Gammaproteobacteria","DprovSym","SAMN13256178","PRJNA587602","GCA_012570145.1"," Chromosome",0.460294,20.0236,"chromosome:NZ_CP046206.1/CP046206.1; plasmid unnamed:NZ_CP046207.1/CP046207.1",,2,405,"2020-04-20T00:00:00Z","ftp://ftp.ncbi.nlm.nih.gov/genomes/all/GCA/012/570/145/GCA_012570145.1_ASM1257014v1","ftp://ftp.ncbi.nlm.nih.gov/genomes/all/GCF/012/570/145/GCF_012570145.1_ASM1257014v1"
"Enterobacteriaceae endosymbiont of Donacia clavipes","Bacteria;Proteobacteria;Gammaproteobacteria","DclaSym","SAMN13256177","PRJNA587602","GCA_012570365.1"," Chromosome",0.463028,19.6789,"chromosome:NZ_CP046208.1/CP046208.1; plasmid unnamed:NZ_CP046209.1/CP046209.1",,2,397,"2020-04-20T00:00:00Z","ftp://ftp.ncbi.nlm.nih.gov/genomes/all/GCA/012/570/365/GCA_012570365.1_ASM1257036v1","ftp://ftp.ncbi.nlm.nih.gov/genomes/all/GCF/012/570/365/GCF_012570365.1_ASM1257036v1"
"Enterobacteriaceae endosymbiont of Donacia semicuprea","Bacteria;Proteobacteria;Gammaproteobacteria","DsemSym","SAMN13256176","PRJNA587602","GCA_012570535.1"," Chromosome",0.464487,19.7691,"chromosome:NZ_CP046210.1/CP046210.1; plasmid unnamed:NZ_CP046211.1/CP046211.1",,2,399,"2020-04-20T00:00:00Z","ftp://ftp.ncbi.nlm.nih.gov/genomes/all/GCA/012/570/535/GCA_012570535.1_ASM1257053v1","ftp://ftp.ncbi.nlm.nih.gov/genomes/all/GCF/012/570/535/GCF_012570535.1_ASM1257053v1"
"Enterobacteriaceae endosymbiont of Donacia dentata","Bacteria;Proteobacteria;Gammaproteobacteria","DdentSym","SAMN13256175","PRJNA587602","GCA_012570745.1"," Chromosome",0.465589,19.89,"chromosome:NZ_CP046212.1/CP046212.1; plasmid unnamed:NZ_CP046213.1/CP046213.1",,2,402,"2020-04-20T00:00:00Z","ftp://ftp.ncbi.nlm.nih.gov/genomes/all/GCA/012/570/745/GCA_012570745.1_ASM1257074v1","ftp://ftp.ncbi.nlm.nih.gov/genomes/all/GCF/012/570/745/GCF_012570745.1_ASM1257074v1"
"Enterobacteriaceae endosymbiont of Donacia versicolorea","Bacteria;Proteobacteria;Gammaproteobacteria","DversSym","SAMN13256174","PRJNA587602","GCA_012570965.1"," Chromosome",0.465628,19.7986,"chromosome:NZ_CP046214.1/CP046214.1; plasmid unnamed:NZ_CP046215.1/CP046215.1",,2,404,"2020-04-20T00:00:00Z","ftp://ftp.ncbi.nlm.nih.gov/genomes/all/GCA/012/570/965/GCA_012570965.1_ASM1257096v1","ftp://ftp.ncbi.nlm.nih.gov/genomes/all/GCF/012/570/965/GCF_012570965.1_ASM1257096v1"
"Enterobacteriaceae endosymbiont of Donacia tomentosa","Bacteria;Proteobacteria;Gammaproteobacteria","DtomSym","SAMN13256173","PRJNA587602","GCA_012571135.1"," Chromosome",0.491697,22.2165,"chromosome:NZ_CP046216.1/CP046216.1; plasmid unnamed:NZ_CP046217.1/CP046217.1",,2,420,"2020-04-20T00:00:00Z","ftp://ftp.ncbi.nlm.nih.gov/genomes/all/GCA/012/571/135/GCA_012571135.1_ASM1257113v1","ftp://ftp.ncbi.nlm.nih.gov/genomes/all/GCF/012/571/135/GCF_012571135.1_ASM1257113v1"
"Enterobacteriaceae endosymbiont of Macroplea mutica","Bacteria;Proteobacteria;Gammaproteobacteria","MmutSym","SAMN13256172","PRJNA587602","GCA_012571345.1","Complete",0.474063,23.292,"chromosome:NZ_CP046218.1/CP046218.1; plasmid unnamed:NZ_CP046219.1/CP046219.1",,2,412,"2020-04-20T00:00:00Z","ftp://ftp.ncbi.nlm.nih.gov/genomes/all/GCA/012/571/345/GCA_012571345.1_ASM1257134v1","ftp://ftp.ncbi.nlm.nih.gov/genomes/all/GCF/012/571/345/GCF_012571345.1_ASM1257134v1"
"Enterobacteriaceae endosymbiont of Macroplea appendiculata","Bacteria;Proteobacteria;Gammaproteobacteria","MappSym","SAMN13256171","PRJNA587602","GCA_012571605.1"," Chromosome",0.472781,22.9932,"chromosome:NZ_CP046220.1/CP046220.1; plasmid unnamed:NZ_CP046221.1/CP046221.1",,2,413,"2020-04-20T00:00:00Z","ftp://ftp.ncbi.nlm.nih.gov/genomes/all/GCA/012/571/605/GCA_012571605.1_ASM1257160v1","ftp://ftp.ncbi.nlm.nih.gov/genomes/all/GCF/012/571/605/GCF_012571605.1_ASM1257160v1"
"Enterobacteriaceae endosymbiont of Neohaemonia nigricornis","Bacteria;Proteobacteria;Gammaproteobacteria","NnigSym","SAMN13256170","PRJNA587602","GCA_012571795.1"," Chromosome",0.477954,21.4814,"chromosome:NZ_CP046222.1/CP046222.1; plasmid unnamed:NZ_CP046223.1/CP046223.1",,2,416,"2020-04-20T00:00:00Z","ftp://ftp.ncbi.nlm.nih.gov/genomes/all/GCA/012/571/795/GCA_012571795.1_ASM1257179v1","ftp://ftp.ncbi.nlm.nih.gov/genomes/all/GCF/012/571/795/GCF_012571795.1_ASM1257179v1"
"Enterobacter quasimori","Bacteria;Proteobacteria;Gammaproteobacteria","120130","SAMN19314277","PRJNA415108","GCA_018597345.1","Contig",4.63995,55.9,,"JAHEVU01",30,4234,"2021-05-30T00:00:00Z","ftp://ftp.ncbi.nlm.nih.gov/genomes/all/GCA/018/597/345/GCA_018597345.1_ASM1859734v1","ftp://ftp.ncbi.nlm.nih.gov/genomes/all/GCF/018/597/345/GCF_018597345.1_ASM1859734v1"
"Candidatus Profftia tarda","Bacteria;Proteobacteria;Gammaproteobacteria","PROFFT","SAMEA7376173","PRJEB40648","GCA_904848675.1","Complete",1.22579,31.9,"chromosome 1:NZ_LR890047.1/LR890047.1",,1,634,"2021-06-20T23:03:00Z","ftp://ftp.ncbi.nlm.nih.gov/genomes/all/GCA/904/848/675/GCA_904848675.1_Pt_Alt_01","ftp://ftp.ncbi.nlm.nih.gov/genomes/all/GCF/904/848/675/GCF_904848675.1_Pt_Alt_01"
"Candidatus Profftia lariciata","Bacteria;Proteobacteria;Gammaproteobacteria","Ad13-081","SAMN13198868","PRJNA587701","GCA_020541265.1","Complete",1.20621,22.3,"chromosome:NZ_CP045925.1/CP045925.1",,1,565,"2021-10-21T00:00:00Z","ftp://ftp.ncbi.nlm.nih.gov/genomes/all/GCA/020/541/265/GCA_020541265.1_ASM2054126v1","ftp://ftp.ncbi.nlm.nih.gov/genomes/all/GCF/020/541/265/GCF_020541265.1_ASM2054126v1"
"Cronobacter turicensis","Bacteria;Proteobacteria;Gammaproteobacteria","HA18060","SAMN14218533","PRJNA608803","GCA_011605535.1","Scaffold",4.46651,57.3,,"JAANQI01",13,4039,"2020-03-22T00:00:00Z","ftp://ftp.ncbi.nlm.nih.gov/genomes/all/GCA/011/605/535/GCA_011605535.1_ASM1160553v1","ftp://ftp.ncbi.nlm.nih.gov/genomes/all/GCF/011/605/535/GCF_011605535.1_ASM1160553v1"
"Candidatus Moranella endobia PCVAL","Bacteria;Proteobacteria;Gammaproteobacteria","PCVAL","SAMN02603332","PRJNA175680","GCA_000364725.1","Complete",0.538203,43.5,"chromosome:NC_021057.1/CP003881.1",,1,400,"2013-04-15T00:00:00Z","ftp://ftp.ncbi.nlm.nih.gov/genomes/all/GCA/000/364/725/GCA_000364725.1_ASM36472v1","ftp://ftp.ncbi.nlm.nih.gov/genomes/all/GCF/000/364/725/GCF_000364725.1_ASM36472v1"
"Trabulsiella guamensis ATCC 49490","Bacteria;Proteobacteria;Gammaproteobacteria","ATCC 49490","SAMN02743388","PRJNA65507","GCA_000734965.1","Contig",4.92975,53.6,,"JMTB01",278,4595,"2014-07-28T00:00:00Z","ftp://ftp.ncbi.nlm.nih.gov/genomes/all/GCA/000/734/965/GCA_000734965.1_ASM73496v1","ftp://ftp.ncbi.nlm.nih.gov/genomes/all/GCF/000/734/965/GCF_000734965.1_ASM73496v1"
"Citrobacter farmeri","Bacteria;Proteobacteria;Gammaproteobacteria","CF_355","SAMN10249175","PRJNA497126","GCA_003938205.1","Scaffold",5.02625,53.3,,"RHWV01",19,4652,"2018-12-11T00:00:00Z","ftp://ftp.ncbi.nlm.nih.gov/genomes/all/GCA/003/938/205/GCA_003938205.1_ASM393820v1","ftp://ftp.ncbi.nlm.nih.gov/genomes/all/GCF/003/938/205/GCF_003938205.1_ASM393820v1"
"[Enterobacter] lignolyticus","Bacteria;Proteobacteria;Gammaproteobacteria","G5","SAMN04074888","PRJNA297567","GCA_001461805.1","Complete",4.70295,57.3,"chromosome:NZ_CP012871.1/CP012871.1",,1,4291,"2015-12-07T00:00:00Z","ftp://ftp.ncbi.nlm.nih.gov/genomes/all/GCA/001/461/805/GCA_001461805.1_ASM146180v1","ftp://ftp.ncbi.nlm.nih.gov/genomes/all/GCF/001/461/805/GCF_001461805.1_ASM146180v1"
"Phytobacter massiliensis","Bacteria;Proteobacteria;Gammaproteobacteria","MGYG-HGUT-01426","SAMEA5850929","PRJEB33885","GCA_902374985.1","Scaffold",5.00354,55.4,,"CABKSF01",77,4503,"2019-08-12T00:00:00Z","ftp://ftp.ncbi.nlm.nih.gov/genomes/all/GCA/902/374/985/GCA_902374985.1_MGYG-HGUT-01426","ftp://ftp.ncbi.nlm.nih.gov/genomes/all/GCF/902/374/985/GCF_902374985.1_MGYG-HGUT-01426"
"Candidatus Riesia pediculischaeffi","Bacteria;Proteobacteria;Gammaproteobacteria","PTSK","SAMN04088564","PRJNA295781","GCA_002073895.1"," Chromosome",0.571864,31.6491,"chromosome:NZ_CP012839.1/CP012839.1; plasmid unnamed:NZ_CP012838.1/CP012838.1",,2,440,"2017-03-29T00:00:00Z","ftp://ftp.ncbi.nlm.nih.gov/genomes/all/GCA/002/073/895/GCA_002073895.1_ASM207389v1","ftp://ftp.ncbi.nlm.nih.gov/genomes/all/GCF/002/073/895/GCF_002073895.1_ASM207389v1"
"Candidatus Tachikawaea gelatinosa","Bacteria;Proteobacteria;Gammaproteobacteria","UwTKB","SAMD00013964","PRJDB1515","GCA_000828815.1","Complete",0.708439,25.1,"chromosome:NZ_AP014521.1/AP014521.1",,1,600,"2014-09-19T00:00:00Z","ftp://ftp.ncbi.nlm.nih.gov/genomes/all/GCA/000/828/815/GCA_000828815.1_ASM82881v1","ftp://ftp.ncbi.nlm.nih.gov/genomes/all/GCF/000/828/815/GCF_000828815.1_ASM82881v1"
"Blochmannia endosymbiont of Polyrhachis (Hedomyrma) turneri","Bacteria;Proteobacteria;Gammaproteobacteria","675","SAMN02808313","PRJNA249056","GCA_000973505.1","Complete",0.749321,29.1,"chromosome:NZ_CP010048.1/CP010048.1",,1,582,"2015-04-20T00:00:00Z","ftp://ftp.ncbi.nlm.nih.gov/genomes/all/GCA/000/973/505/GCA_000973505.1_ASM97350v1","ftp://ftp.ncbi.nlm.nih.gov/genomes/all/GCF/000/973/505/GCF_000973505.1_ASM97350v1"
"Blochmannia endosymbiont of Camponotus (Colobopsis) obliquus","Bacteria;Proteobacteria;Gammaproteobacteria","757","SAMN02808399","PRJNA249064","GCA_000973545.1","Complete",0.77394,27.4,"chromosome:NZ_CP010049.1/CP010049.1",,1,583,"2015-04-20T00:00:00Z","ftp://ftp.ncbi.nlm.nih.gov/genomes/all/GCA/000/973/545/GCA_000973545.1_ASM97354v1","ftp://ftp.ncbi.nlm.nih.gov/genomes/all/GCF/000/973/545/GCF_000973545.1_ASM97354v1"
"Siccibacter colletis","Bacteria;Proteobacteria;Gammaproteobacteria","1383","SAMN02769539","PRJNA246697","GCA_000696575.1","Scaffold",4.25552,57.1,,"JMSQ01",45,3953,"2014-05-30T00:00:00Z","ftp://ftp.ncbi.nlm.nih.gov/genomes/all/GCA/000/696/575/GCA_000696575.1_C_colletis_1383","ftp://ftp.ncbi.nlm.nih.gov/genomes/all/GCF/000/696/575/GCF_000696575.1_C_colletis_1383"
"Candidatus Gullanella endobia","Bacteria;Proteobacteria;Gammaproteobacteria","GEFVIR","SAMEA3725906","PRJEB12067","GCA_900048035.1","Complete",0.938041,28.9,"chromosome I:NZ_LN999832.1/LN999832.1",,1,459,"2016-03-26T00:00:00Z","ftp://ftp.ncbi.nlm.nih.gov/genomes/all/GCA/900/048/035/GCA_900048035.1_GEFVIR","ftp://ftp.ncbi.nlm.nih.gov/genomes/all/GCF/900/048/035/GCF_900048035.1_GEFVIR"
"Candidatus Mikella endobia","Bacteria;Proteobacteria;Gammaproteobacteria","MEPMAR","SAMEA3725907","PRJEB12069","GCA_900048045.1","Complete",0.352837,30.6,"chromosome I:NZ_LN999831.1/LN999831.1",,1,257,"2016-03-26T00:00:00Z","ftp://ftp.ncbi.nlm.nih.gov/genomes/all/GCA/900/048/045/GCA_900048045.1_MEPMAR","ftp://ftp.ncbi.nlm.nih.gov/genomes/all/GCF/900/048/045/GCF_900048045.1_MEPMAR"
"Escherichia marmotae","Bacteria;Proteobacteria;Gammaproteobacteria","H1-003-0086-C-F","SAMEA6378177","PRJEB35745","GCA_902709585.2","Contig",4.58481,50.5,,"CACSXJ02",88,4241,"2020-01-05T00:00:00Z","ftp://ftp.ncbi.nlm.nih.gov/genomes/all/GCA/902/709/585/GCA_902709585.2_H1-003-0086-C-F.v2","ftp://ftp.ncbi.nlm.nih.gov/genomes/all/GCF/902/709/585/GCF_902709585.1_H1-003-0086-C-F.v2"
"Buttiauxella gaviniae ATCC 51604","Bacteria;Proteobacteria;Gammaproteobacteria","ATCC 51604","SAMN04870320","PRJNA210903","GCA_001654835.1","Contig",5.06808,49.4,,"LXEP01",133,4657,"2016-06-02T00:00:00Z","ftp://ftp.ncbi.nlm.nih.gov/genomes/all/GCA/001/654/835/GCA_001654835.1_Bga51604_DRAFTv1","ftp://ftp.ncbi.nlm.nih.gov/genomes/all/GCF/001/654/835/GCF_001654835.1_Bga51604_DRAFTv1"
"Buttiauxella ferragutiae ATCC 51602","Bacteria;Proteobacteria;Gammaproteobacteria","ATCC 51602","SAMN04870319","PRJNA210902","GCA_001654915.1","Contig",5.08709,50.4,,"LXEQ01",89,4535,"2016-06-02T00:00:00Z","ftp://ftp.ncbi.nlm.nih.gov/genomes/all/GCA/001/654/915/GCA_001654915.1_Bfe51602_DRAFTv1","ftp://ftp.ncbi.nlm.nih.gov/genomes/all/GCF/001/654/915/GCF_001654915.1_Bfe51602_DRAFTv1"
"Kluyvera georgiana","Bacteria;Proteobacteria;Gammaproteobacteria","WCH1410","SAMN04482606","PRJNA418679","GCA_001682915.1","Contig",4.98655,54.8,,"LSME01",90,4547,"2016-07-10T00:00:00Z","ftp://ftp.ncbi.nlm.nih.gov/genomes/all/GCA/001/682/915/GCA_001682915.1_ASM168291v1","ftp://ftp.ncbi.nlm.nih.gov/genomes/all/GCF/001/682/915/GCF_001682915.1_ASM168291v1"
"Kosakonia oryzendophytica","Bacteria;Proteobacteria;Gammaproteobacteria","REICA_082","SAMN04487791","PRJEB15027","GCA_900094925.1","Scaffold",4.84153,53.7,,"FMAY01",32,4451,"2016-08-03T00:00:00Z","ftp://ftp.ncbi.nlm.nih.gov/genomes/all/GCA/900/094/925/GCA_900094925.1_IMG-taxon_2617270737_annotated_assembly","ftp://ftp.ncbi.nlm.nih.gov/genomes/all/GCF/900/094/925/GCF_900094925.1_IMG-taxon_2617270737_annotated_assembly"
"Kosakonia oryziphila","Bacteria;Proteobacteria;Gammaproteobacteria","REICA_142","SAMN04487790","PRJEB15030","GCA_900094795.1","Scaffold",4.8149,52.8,,"FMBC01",129,4459,"2016-08-03T00:00:00Z","ftp://ftp.ncbi.nlm.nih.gov/genomes/all/GCA/900/094/795/GCA_900094795.1_IMG-taxon_2616644846_annotated_assembly","ftp://ftp.ncbi.nlm.nih.gov/genomes/all/GCF/900/094/795/GCF_900094795.1_IMG-taxon_2616644846_annotated_assembly"
"Enterobacter timonensis","Bacteria;Proteobacteria;Gammaproteobacteria","mt20","SAMEA3859023","PRJEB12555","GCA_900021175.1","Contig",4.19969,56.8,,"FCOP01",13,3800,"2016-01-29T22:33:00Z","ftp://ftp.ncbi.nlm.nih.gov/genomes/all/GCA/900/021/175/GCA_900021175.1_Enterobacter_timonensis","ftp://ftp.ncbi.nlm.nih.gov/genomes/all/GCF/900/021/175/GCF_900021175.1_Enterobacter_timonensis"
"Lelliottia aquatilis","Bacteria;Proteobacteria;Gammaproteobacteria","TZW17","SAMN17050145","PRJNA680915","GCA_016771845.1","Contig",4.83503,53.8,,"JAENMQ01",27,4384,"2021-01-28T00:00:00Z","ftp://ftp.ncbi.nlm.nih.gov/genomes/all/GCA/016/771/845/GCA_016771845.1_ASM1677184v1","ftp://ftp.ncbi.nlm.nih.gov/genomes/all/GCF/016/771/845/GCF_016771845.1_ASM1677184v1"
"Candidatus Purcelliella pentastirinorum","Bacteria;Proteobacteria;Gammaproteobacteria","OLIH","SAMN08744566","PRJNA439325","GCA_003391335.1","Complete",0.479855,21.2,"chromosome:NZ_CP028374.1/CP028374.1",,1,420,"2018-08-15T00:00:00Z","ftp://ftp.ncbi.nlm.nih.gov/genomes/all/GCA/003/391/335/GCA_003391335.1_ASM339133v1","ftp://ftp.ncbi.nlm.nih.gov/genomes/all/GCF/003/391/335/GCF_003391335.1_ASM339133v1"
"Citrobacter gillenii","Bacteria;Proteobacteria;Gammaproteobacteria","MBT-C3","SAMN09791470","PRJNA485440","GCA_003429605.1","Scaffold",5.16721,52.5,,"QVEK01",37,4797,"2018-08-28T00:00:00Z","ftp://ftp.ncbi.nlm.nih.gov/genomes/all/GCA/003/429/605/GCA_003429605.1_ASM342960v1","ftp://ftp.ncbi.nlm.nih.gov/genomes/all/GCF/003/429/605/GCF_003429605.1_ASM342960v1"
"Enterobacter huaxiensis","Bacteria;Proteobacteria;Gammaproteobacteria","WCHEHu045002","SAMN10525001","PRJNA415108","GCA_003944645.1","Contig",4.99036,55.9,,"RWHU01",32,4677,"2018-12-12T00:00:00Z","ftp://ftp.ncbi.nlm.nih.gov/genomes/all/GCA/003/944/645/GCA_003944645.1_ASM394464v1","ftp://ftp.ncbi.nlm.nih.gov/genomes/all/GCF/003/944/645/GCF_003944645.1_ASM394464v1"
"Candidatus Annandia adelgestsuga","Bacteria;Proteobacteria;Gammaproteobacteria","ENA","SAMN08397432","PRJNA431637","GCA_003956045.1"," Chromosome",0.334746,17.9,"chromosome:NZ_CP026513.1/CP026513.1",,1,307,"2018-12-19T00:00:00Z","ftp://ftp.ncbi.nlm.nih.gov/genomes/all/GCA/003/956/045/GCA_003956045.1_ASM395604v1","ftp://ftp.ncbi.nlm.nih.gov/genomes/all/GCF/003/956/045/GCF_003956045.1_ASM395604v1"
"Enterobacter chuandaensis","Bacteria;Proteobacteria;Gammaproteobacteria","090028","SAMN09845205","PRJNA415108","GCA_003594915.1","Contig",4.63432,55.7,,"QZCS01",38,4317,"2018-09-25T00:00:00Z","ftp://ftp.ncbi.nlm.nih.gov/genomes/all/GCA/003/594/915/GCA_003594915.1_ASM359491v1","ftp://ftp.ncbi.nlm.nih.gov/genomes/all/GCF/003/594/915/GCF_003594915.1_ASM359491v1"
"Blochmannia endosymbiont of Camponotus nipponensis","Bacteria;Proteobacteria;Gammaproteobacteria","CNIEBac","SAMN13439371","PRJNA592763","GCA_009827135.1","Complete",0.788522,29,"chromosome:NZ_CP046534.1/CP046534.1",,1,603,"2020-01-02T00:00:00Z","ftp://ftp.ncbi.nlm.nih.gov/genomes/all/GCA/009/827/135/GCA_009827135.1_ASM982713v1","ftp://ftp.ncbi.nlm.nih.gov/genomes/all/GCF/009/827/135/GCF_009827135.1_ASM982713v1"
"Enterobacter wuhouensis","Bacteria;Proteobacteria;Gammaproteobacteria","WCHEW120002","SAMN10995772","PRJNA415108","GCA_004331265.1","Contig",4.89737,56.1,,"SJOO01",46,4572,"2019-03-06T00:00:00Z","ftp://ftp.ncbi.nlm.nih.gov/genomes/all/GCA/004/331/265/GCA_004331265.1_ASM433126v1","ftp://ftp.ncbi.nlm.nih.gov/genomes/all/GCF/004/331/265/GCF_004331265.1_ASM433126v1"
"Enterobacter quasihormaechei","Bacteria;Proteobacteria;Gammaproteobacteria","WCHEQ120003","SAMN10995773","PRJNA415108","GCA_004331385.1","Contig",4.556,55.9,,"SJON01",51,4213,"2019-03-06T00:00:00Z","ftp://ftp.ncbi.nlm.nih.gov/genomes/all/GCA/004/331/385/GCA_004331385.1_ASM433138v1","ftp://ftp.ncbi.nlm.nih.gov/genomes/all/GCF/004/331/385/GCF_004331385.1_ASM433138v1"
"Citrobacter cronae","Bacteria;Proteobacteria;Gammaproteobacteria","Colony478","SAMN17824657","PRJNA668870","GCA_016893685.1"," Chromosome",5.07909,52.3,"chromosome:NZ_CP069763.1/CP069763.1",,1,4230,"2021-02-16T00:00:00Z","ftp://ftp.ncbi.nlm.nih.gov/genomes/all/GCA/016/893/685/GCA_016893685.1_ASM1689368v1","ftp://ftp.ncbi.nlm.nih.gov/genomes/all/GCF/016/893/685/GCF_016893685.1_ASM1689368v1"
"Blochmannia endosymbiont of Colobopsis nipponica","Bacteria;Proteobacteria;Gammaproteobacteria","CNIPBac","SAMN13439370","PRJNA592762","GCA_014857065.1","Complete",0.728116,28.7,"chromosome:NZ_CP046533.1/CP046533.1",,1,593,"2020-10-06T00:00:00Z","ftp://ftp.ncbi.nlm.nih.gov/genomes/all/GCA/014/857/065/GCA_014857065.1_ASM1485706v1","ftp://ftp.ncbi.nlm.nih.gov/genomes/all/GCF/014/857/065/GCF_014857065.1_ASM1485706v1"
"Enterobacter vonholyi","Bacteria;Proteobacteria;Gammaproteobacteria","E13","SAMN12560202","PRJNA559804","GCA_008364555.1","Scaffold",4.59028,55.6,,"VTUC01",38,4266,"2019-09-09T00:00:00Z","ftp://ftp.ncbi.nlm.nih.gov/genomes/all/GCA/008/364/555/GCA_008364555.1_ASM836455v1","ftp://ftp.ncbi.nlm.nih.gov/genomes/all/GCF/008/364/555/GCF_008364555.1_ASM836455v1"
"Enterobacter dykesii","Bacteria;Proteobacteria;Gammaproteobacteria","120147","SAMN19314269","PRJNA415108","GCA_018597265.1","Contig",4.6528,55.9,,"JAHEVX01",39,4298,"2021-05-30T00:00:00Z","ftp://ftp.ncbi.nlm.nih.gov/genomes/all/GCA/018/597/265/GCA_018597265.1_ASM1859726v1","ftp://ftp.ncbi.nlm.nih.gov/genomes/all/GCF/018/597/265/GCF_018597265.1_ASM1859726v1"
"Jejubacter calystegiae","Bacteria;Proteobacteria;Gammaproteobacteria","KSNA2","SAMN11650091","PRJNA542973","GCA_005671395.1","Complete",5.1828,56.1,"chromosome:NZ_CP040428.1/CP040428.1",,1,4674,"2019-05-23T00:00:00Z","ftp://ftp.ncbi.nlm.nih.gov/genomes/all/GCA/005/671/395/GCA_005671395.1_ASM567139v1","ftp://ftp.ncbi.nlm.nih.gov/genomes/all/GCF/005/671/395/GCF_005671395.1_ASM567139v1"
"Enterobacter quasiroggenkampii","Bacteria;Proteobacteria;Gammaproteobacteria","090040","SAMN10525003","PRJNA415108","GCA_003964805.1","Contig",4.7883,55.7,,"RXSJ01",30,4468,"2018-12-23T00:00:00Z","ftp://ftp.ncbi.nlm.nih.gov/genomes/all/GCA/003/964/805/GCA_003964805.1_ASM396480v1","ftp://ftp.ncbi.nlm.nih.gov/genomes/all/GCF/003/964/805/GCF_003964805.1_ASM396480v1"
"Candidatus Schneideria nysicola","Bacteria;Proteobacteria;Gammaproteobacteria","NT","SAMN18836893","PRJNA723908","GCA_019923545.1","Complete",0.571554,29.2,"chromosome:NZ_CP074100.1/CP074100.1",,1,522,"2021-09-10T00:00:00Z","ftp://ftp.ncbi.nlm.nih.gov/genomes/all/GCA/019/923/545/GCA_019923545.1_ASM1992354v1","ftp://ftp.ncbi.nlm.nih.gov/genomes/all/GCF/019/923/545/GCF_019923545.1_ASM1992354v1"
"Shigella sonnei","Bacteria;Proteobacteria;Gammaproteobacteria","SE6-1","SAMN15244675","PRJNA639662","GCA_013374815.1","Complete",4.76277,50.7,"chromosome:NZ_CP055292.1/CP055292.1",,1,4322,"2020-06-27T00:00:00Z","ftp://ftp.ncbi.nlm.nih.gov/genomes/all/GCA/013/374/815/GCA_013374815.1_ASM1337481v1","ftp://ftp.ncbi.nlm.nih.gov/genomes/all/GCF/013/374/815/GCF_013374815.1_ASM1337481v1"
"Candidatus Blochmannia pennsylvanicus str. BPEN","Bacteria;Proteobacteria;Gammaproteobacteria","BPEN","SAMN02603465","PRJNA13875","GCA_000011745.1","Complete",0.791654,29.6,"chromosome:NC_007292.1/CP000016.1",,1,610,"2005-08-04T00:00:00Z","ftp://ftp.ncbi.nlm.nih.gov/genomes/all/GCA/000/011/745/GCA_000011745.1_ASM1174v1","ftp://ftp.ncbi.nlm.nih.gov/genomes/all/GCF/000/011/745/GCF_000011745.1_ASM1174v1"
"Candidatus Riesia pediculicola USDA","Bacteria;Proteobacteria;Gammaproteobacteria","USDA","SAMN02603451","PRJNA29065","GCA_000093065.1","Complete",0.582127,28.589,"chromosome:NC_014109.1/CP001085.1; plasmid pPAN:NC_013962.1/CP001086.1",,2,468,"2010-03-16T00:00:00Z","ftp://ftp.ncbi.nlm.nih.gov/genomes/all/GCA/000/093/065/GCA_000093065.1_ASM9306v1","ftp://ftp.ncbi.nlm.nih.gov/genomes/all/GCF/000/093/065/GCF_000093065.1_ASM9306v1"
"Candidatus Blochmannia vafer str. BVAF","Bacteria;Proteobacteria;Gammaproteobacteria","BVAF","SAMN02603466","PRJNA50045","GCA_000185985.2","Complete",0.722585,27.5,"chromosome:NC_014909.2/CP002189.2",,1,583,"2011-01-13T00:00:00Z","ftp://ftp.ncbi.nlm.nih.gov/genomes/all/GCA/000/185/985/GCA_000185985.2_ASM18598v2","ftp://ftp.ncbi.nlm.nih.gov/genomes/all/GCF/000/185/985/GCF_000185985.2_ASM18598v2"
"Candidatus Ishikawaella capsulata Mpkobe","Bacteria;Proteobacteria;Gammaproteobacteria","Mpkobe","SAMD00061091","PRJNA20927","GCA_000828515.1","Complete",0.754729,30.1685,"chromosome:NZ_AP010872.1/AP010872.1; plasmid pAst:NZ_AP010873.1/AP010873.1",,2,594,"2009-07-01T23:04:00Z","ftp://ftp.ncbi.nlm.nih.gov/genomes/all/GCA/000/828/515/GCA_000828515.1_ASM82851v1","ftp://ftp.ncbi.nlm.nih.gov/genomes/all/GCF/000/828/515/GCF_000828515.1_ASM82851v1"
"Buttiauxella agrestis","Bacteria;Proteobacteria;Gammaproteobacteria","DSM 9389","SAMD00224198","PRJDB9774","GCA_013234275.1","Complete",4.56625,50.7,"chromosome:NZ_AP023184.1/AP023184.1",,1,4076,"2020-05-27T23:03:00Z","ftp://ftp.ncbi.nlm.nih.gov/genomes/all/GCA/013/234/275/GCA_013234275.1_ASM1323427v1","ftp://ftp.ncbi.nlm.nih.gov/genomes/all/GCF/013/234/275/GCF_013234275.1_ASM1323427v1"
"Raoultella ornithinolytica","Bacteria;Proteobacteria;Gammaproteobacteria","NCTC9164","SAMEA3446336","PRJEB6403","GCA_901421005.1","Contig",5.60686,55.7,,"CABDWD01",2,5034,"2019-05-08T00:00:00Z","ftp://ftp.ncbi.nlm.nih.gov/genomes/all/GCA/901/421/005/GCA_901421005.1_39282_A01","ftp://ftp.ncbi.nlm.nih.gov/genomes/all/GCF/901/421/005/GCF_901421005.1_39282_A01"
"Candidatus Blochmannia chromaiodes str. 640","Bacteria;Proteobacteria;Gammaproteobacteria","640","SAMN02603213","PRJNA176942","GCA_000331065.1","Complete",0.791219,29.5,"chromosome:NC_020075.1/CP003903.1",,1,608,"2013-01-04T00:00:00Z","ftp://ftp.ncbi.nlm.nih.gov/genomes/all/GCA/000/331/065/GCA_000331065.1_ASM33106v1","ftp://ftp.ncbi.nlm.nih.gov/genomes/all/GCF/000/331/065/GCF_000331065.1_ASM33106v1"
"Franconibacter helveticus","Bacteria;Proteobacteria;Gammaproteobacteria","CS-23","SAMN09273069","PRJNA473381","GCA_003207695.1","Contig",4.60776,56.1,,"QISR01",25,4265,"2018-06-11T00:00:00Z","ftp://ftp.ncbi.nlm.nih.gov/genomes/all/GCA/003/207/695/GCA_003207695.1_ASM320769v1","ftp://ftp.ncbi.nlm.nih.gov/genomes/all/GCF/003/207/695/GCF_003207695.1_ASM320769v1"
"Siccibacter turicensis","Bacteria;Proteobacteria;Gammaproteobacteria","#493","SAMN10622688","PRJNA511337","GCA_004168465.1","Contig",4.27549,58.1,,"RYYT01",27,3942,"2019-02-11T00:00:00Z","ftp://ftp.ncbi.nlm.nih.gov/genomes/all/GCA/004/168/465/GCA_004168465.1_ASM416846v1","ftp://ftp.ncbi.nlm.nih.gov/genomes/all/GCF/004/168/465/GCF_004168465.1_ASM416846v1"
"Citrobacter braakii","Bacteria;Proteobacteria;Gammaproteobacteria","MiY-A","SAMN10574724","PRJNA541977","GCA_009648935.1","Complete",4.91749,52,"chromosome:NZ_CP045771.1/CP045771.1",,1,4475,"2019-11-11T00:00:00Z","ftp://ftp.ncbi.nlm.nih.gov/genomes/all/GCA/009/648/935/GCA_009648935.1_ASM964893v1","ftp://ftp.ncbi.nlm.nih.gov/genomes/all/GCF/009/648/935/GCF_009648935.1_ASM964893v1"
"Kosakonia oryzae","Bacteria;Proteobacteria;Gammaproteobacteria","Ola 51","SAMN04419549","PRJNA309028","GCA_001658025.2","Complete",5.41616,54,"chromosome:NZ_CP014007.2/CP014007.2",,1,4963,"2016-06-06T00:00:00Z","ftp://ftp.ncbi.nlm.nih.gov/genomes/all/GCA/001/658/025/GCA_001658025.2_ASM165802v2","ftp://ftp.ncbi.nlm.nih.gov/genomes/all/GCF/001/658/025/GCF_001658025.2_ASM165802v2"
"Candidatus Doolittlea endobia","Bacteria;Proteobacteria;Gammaproteobacteria","DEMHIR","SAMEA3725905","PRJEB12066","GCA_900039485.1","Complete",0.846562,44.1567,"chromosome I:NZ_LN999833.1/LN999833.1; plasmid II:NZ_LN999834.1/LN999834.1",,2,499,"2016-03-26T00:00:00Z","ftp://ftp.ncbi.nlm.nih.gov/genomes/all/GCA/900/039/485/GCA_900039485.1_DEMHIR","ftp://ftp.ncbi.nlm.nih.gov/genomes/all/GCF/900/039/485/GCF_900039485.1_DEMHIR"
"Lelliottia nimipressuralis","Bacteria;Proteobacteria;Gammaproteobacteria","MEZLN61","SAMN23419542","PRJNA716986","GCA_021083665.1","Scaffold",4.44064,55.3,,"JAJNQS01",34,4115,"2021-12-06T00:00:00Z","ftp://ftp.ncbi.nlm.nih.gov/genomes/all/GCA/021/083/665/GCA_021083665.1_ASM2108366v1","ftp://ftp.ncbi.nlm.nih.gov/genomes/all/GCF/021/083/665/GCF_021083665.1_ASM2108366v1"
"Kosakonia pseudosacchari","Bacteria;Proteobacteria;Gammaproteobacteria","BDA62-3","SAMN16456054","PRJNA670042","GCA_015167415.1","Complete",5.00305,53.9684,"chromosome:NZ_CP063425.1/CP063425.1; plasmid pBDA62-3:NZ_CP063426.1/CP063426.1",,2,4627,"2020-11-02T00:00:00Z","ftp://ftp.ncbi.nlm.nih.gov/genomes/all/GCA/015/167/415/GCA_015167415.1_ASM1516741v1","ftp://ftp.ncbi.nlm.nih.gov/genomes/all/GCF/015/167/415/GCF_015167415.1_ASM1516741v1"
"Cedecea lapagei","Bacteria;Proteobacteria;Gammaproteobacteria","NCTC11466","SAMEA3282964","PRJEB6403","GCA_900635955.1","Complete",4.77844,54.8,"chromosome 1:NZ_LR134201.1/LR134201.1",,1,4305,"2018-12-19T00:00:00Z","ftp://ftp.ncbi.nlm.nih.gov/genomes/all/GCA/900/635/955/GCA_900635955.1_36672_A01","ftp://ftp.ncbi.nlm.nih.gov/genomes/all/GCF/900/635/955/GCF_900635955.1_36672_A01"
"Pseudocitrobacter faecalis","Bacteria;Proteobacteria;Gammaproteobacteria","CCM 8478","SAMD00244884","PRJDB10511","GCA_014653055.1","Scaffold",4.75391,53.5,,"BNAA01",29,4277,"2020-09-11T00:00:00Z","ftp://ftp.ncbi.nlm.nih.gov/genomes/all/GCA/014/653/055/GCA_014653055.1_ASM1465305v1","ftp://ftp.ncbi.nlm.nih.gov/genomes/all/GCF/014/653/055/GCF_014653055.1_ASM1465305v1"
"Phytobacter diazotrophicus","Bacteria;Proteobacteria;Gammaproteobacteria","UAEU22","SAMN14593742","PRJNA625126","GCA_012923785.1","Complete",5.52724,53.2392,"chromosome:NZ_CP051548.1/CP051548.1; plasmid unnamed1:NZ_CP051549.1/CP051549.1",,2,5041,"2020-04-28T00:00:00Z","ftp://ftp.ncbi.nlm.nih.gov/genomes/all/GCA/012/923/785/GCA_012923785.1_ASM1292378v1","ftp://ftp.ncbi.nlm.nih.gov/genomes/all/GCF/012/923/785/GCF_012923785.1_ASM1292378v1"
"Citrobacter murliniae","Bacteria;Proteobacteria;Gammaproteobacteria","P080C CL","SAMN09204092","PRJNA471164","GCA_004801125.1","Scaffold",5.02492,50.6,,"QFVP01",59,4566,"2019-04-18T00:00:00Z","ftp://ftp.ncbi.nlm.nih.gov/genomes/all/GCA/004/801/125/GCA_004801125.1_ASM480112v1","ftp://ftp.ncbi.nlm.nih.gov/genomes/all/GCF/004/801/125/GCF_004801125.1_ASM480112v1"
"Enterobacter oligotrophicus","Bacteria;Proteobacteria;Gammaproteobacteria","CCA6","SAMD00143594","PRJDB7530","GCA_009176645.1","Complete",4.47659,54.3,"chromosome:NZ_AP019007.1/AP019007.1",,1,4085,"2019-03-18T23:20:00Z","ftp://ftp.ncbi.nlm.nih.gov/genomes/all/GCA/009/176/645/GCA_009176645.1_ASM917664v1","ftp://ftp.ncbi.nlm.nih.gov/genomes/all/GCF/009/176/645/GCF_009176645.1_ASM917664v1"
"Shimwellia pseudoproteus","Bacteria;Proteobacteria;Gammaproteobacteria","DSM 3038","SAMN12911195","PRJNA575765","GCA_016415625.1","Contig",4.16336,55.7,,"WBXP01",123,3730,"2020-12-28T00:00:00Z","ftp://ftp.ncbi.nlm.nih.gov/genomes/all/GCA/016/415/625/GCA_016415625.1_ASM1641562v1","ftp://ftp.ncbi.nlm.nih.gov/genomes/all/GCF/016/415/625/GCF_016415625.1_ASM1641562v1"
"Citrobacter tructae","Bacteria;Proteobacteria;Gammaproteobacteria","SNU WT2","SAMN11282944","PRJNA529751","GCA_004684345.1","Complete",4.94657,51.9086,"chromosome:NZ_CP038469.1/CP038469.1; plasmid unnamed1:NZ_CP038468.1/CP038468.1",,2,4483,"2019-04-07T00:00:00Z","ftp://ftp.ncbi.nlm.nih.gov/genomes/all/GCA/004/684/345/GCA_004684345.1_ASM468434v1","ftp://ftp.ncbi.nlm.nih.gov/genomes/all/GCF/004/684/345/GCF_004684345.1_ASM468434v1"
"Candidatus Annandia pinicola","Bacteria;Proteobacteria;Gammaproteobacteria","Ad13-065","SAMN13148951","PRJNA580003","GCA_020541245.1","Complete",0.34858,18.7,"chromosome:NZ_CP045876.1/CP045876.1",,1,312,"2021-10-21T00:00:00Z","ftp://ftp.ncbi.nlm.nih.gov/genomes/all/GCA/020/541/245/GCA_020541245.1_ASM2054124v1","ftp://ftp.ncbi.nlm.nih.gov/genomes/all/GCF/020/541/245/GCF_020541245.1_ASM2054124v1"
"Shigella dysenteriae","Bacteria;Proteobacteria;Gammaproteobacteria","BCW_4872","SAMN03358410","PRJNA203445","GCA_001932995.2","Scaffold",4.49066,50.8,,"MSJW02",292,3997,"2017-01-04T00:00:00Z","ftp://ftp.ncbi.nlm.nih.gov/genomes/all/GCA/001/932/995/GCA_001932995.2_ASM193299v2","ftp://ftp.ncbi.nlm.nih.gov/genomes/all/GCF/001/932/995/GCF_001932995.2_ASM193299v2"
"Escherichia albertii","Bacteria;Proteobacteria;Gammaproteobacteria","Sample 167","SAMN17525958","PRJNA693666","GCA_016904755.2","Complete",4.6319,49.6416,"chromosome:NZ_CP070290.1/CP070290.2; plasmid pESA138_1:NZ_CP070291.1/CP070291.2",,2,4260,"2021-02-17T00:00:00Z","ftp://ftp.ncbi.nlm.nih.gov/genomes/all/GCA/016/904/755/GCA_016904755.2_ASM1690475v2","ftp://ftp.ncbi.nlm.nih.gov/genomes/all/GCF/016/904/755/GCF_016904755.1_ASM1690475v2"
"Citrobacter youngae","Bacteria;Proteobacteria;Gammaproteobacteria","NCTC13709","SAMEA103980411","PRJEB6403","GCA_900638065.1","Complete",4.86735,51.8,"chromosome 1:NZ_LR134485.1/LR134485.1",,1,4389,"2018-12-19T00:00:00Z","ftp://ftp.ncbi.nlm.nih.gov/genomes/all/GCA/900/638/065/GCA_900638065.1_55685_A01","ftp://ftp.ncbi.nlm.nih.gov/genomes/all/GCF/900/638/065/GCF_900638065.1_55685_A01"
"Candidatus Regiella insecticola","Bacteria;Proteobacteria;Gammaproteobacteria","Tut","SAMD00190104","PRJDB8860","GCA_013373955.1","Scaffold",2.49526,42.4,,"BLXO01",14,2503,"2020-06-12T00:00:00Z","ftp://ftp.ncbi.nlm.nih.gov/genomes/all/GCA/013/373/955/GCA_013373955.1_ASM1337395v1","ftp://ftp.ncbi.nlm.nih.gov/genomes/all/GCF/013/373/955/GCF_013373955.1_ASM1337395v1"
"Enterobacter mori","Bacteria;Proteobacteria;Gammaproteobacteria","CCUG 72520","SAMN10091212","PRJNA305687","GCA_003606205.2","Contig",4.92839,55.5,,"QZDQ02",27,4584,"2018-10-02T00:00:00Z","ftp://ftp.ncbi.nlm.nih.gov/genomes/all/GCA/003/606/205/GCA_003606205.2_ASM360620v2","ftp://ftp.ncbi.nlm.nih.gov/genomes/all/GCF/003/606/205/GCF_003606205.2_ASM360620v2"
"Cedecea davisae DSM 4568","Bacteria;Proteobacteria;Gammaproteobacteria","DSM 4568","SAMN02436914","PRJNA30753","GCA_000412335.2","Scaffold",4.88698,54.3,,"ATDT01",3,4390,"2013-06-19T00:00:00Z","ftp://ftp.ncbi.nlm.nih.gov/genomes/all/GCA/000/412/335/GCA_000412335.2_ASM41233v2","ftp://ftp.ncbi.nlm.nih.gov/genomes/all/GCF/000/412/335/GCF_000412335.2_ASM41233v2"
"Leclercia adecarboxylata","Bacteria;Proteobacteria;Gammaproteobacteria","USDA-ARS-USMARC-60222","SAMN04158503","PRJNA281531","GCA_001518835.1","Complete",4.80392,55.8,"chromosome:NZ_CP013990.1/CP013990.1",,1,4356,"2016-01-20T00:00:00Z","ftp://ftp.ncbi.nlm.nih.gov/genomes/all/GCA/001/518/835/GCA_001518835.1_ASM151883v1","ftp://ftp.ncbi.nlm.nih.gov/genomes/all/GCF/001/518/835/GCF_001518835.1_ASM151883v1"
"Yokenella regensburgei","Bacteria;Proteobacteria;Gammaproteobacteria","DSM 5079","SAMN08769266","PRJNA439854","GCA_003634235.1","Scaffold",4.68865,54.8,,"RBIZ01",11,4373,"2018-10-11T00:00:00Z","ftp://ftp.ncbi.nlm.nih.gov/genomes/all/GCA/003/634/235/GCA_003634235.1_ASM363423v1","ftp://ftp.ncbi.nlm.nih.gov/genomes/all/GCF/003/634/235/GCF_003634235.1_ASM363423v1"
"Citrobacter werkmanii","Bacteria;Proteobacteria;Gammaproteobacteria","FDAARGOS_616","SAMN11056331","PRJNA231221","GCA_008693645.1","Complete",5.0493,52.2576,"chromosome:NZ_CP044101.1/CP044101.1; plasmid unnamed1:NZ_CP044100.1/CP044100.1",,2,4614,"2019-09-25T00:00:00Z","ftp://ftp.ncbi.nlm.nih.gov/genomes/all/GCA/008/693/645/GCA_008693645.1_ASM869364v1","ftp://ftp.ncbi.nlm.nih.gov/genomes/all/GCF/008/693/645/GCF_008693645.1_ASM869364v1"
"Cronobacter muytjensii ATCC 51329","Bacteria;Proteobacteria;Gammaproteobacteria","ATCC 51329","SAMN03938713","PRJNA291037","GCA_001277195.1","Complete",4.36411,57.7,"chromosome:NZ_CP012268.1/CP012268.1",,1,3927,"2015-09-01T00:00:00Z","ftp://ftp.ncbi.nlm.nih.gov/genomes/all/GCA/001/277/195/GCA_001277195.1_ASM127719v1","ftp://ftp.ncbi.nlm.nih.gov/genomes/all/GCF/001/277/195/GCF_001277195.1_ASM127719v1"
"Kluyvera cryocrescens NBRC 102467","Bacteria;Proteobacteria;Gammaproteobacteria","NBRC 102467","SAMD00046725","PRJDB285","GCA_001571285.1","Contig",5.04466,53.9,,"BCTM01",101,4648,"2016-02-18T00:00:00Z","ftp://ftp.ncbi.nlm.nih.gov/genomes/all/GCA/001/571/285/GCA_001571285.1_ASM157128v1","ftp://ftp.ncbi.nlm.nih.gov/genomes/all/GCF/001/571/285/GCF_001571285.1_ASM157128v1"
"Pluralibacter gergoviae","Bacteria;Proteobacteria;Gammaproteobacteria","FDAARGOS_186","SAMN05004741","PRJNA231221","GCA_003019925.1","Complete",5.40808,59,"chromosome:NZ_CP020388.1/CP020388.1",,1,4880,"2018-03-27T00:00:00Z","ftp://ftp.ncbi.nlm.nih.gov/genomes/all/GCA/003/019/925/GCA_003019925.1_ASM301992v1","ftp://ftp.ncbi.nlm.nih.gov/genomes/all/GCF/003/019/925/GCF_003019925.1_ASM301992v1"
"Kosakonia cowanii","Bacteria;Proteobacteria;Gammaproteobacteria","FBS 223","SAMN10739544","PRJNA514952","GCA_004089895.1","Complete",4.686,56.2,"chromosome:NZ_CP035129.1/CP035129.1",,1,4234,"2019-01-21T00:00:00Z","ftp://ftp.ncbi.nlm.nih.gov/genomes/all/GCA/004/089/895/GCA_004089895.1_ASM408989v1","ftp://ftp.ncbi.nlm.nih.gov/genomes/all/GCF/004/089/895/GCF_004089895.1_ASM408989v1"
"Candidatus Hoaglandella endobia","Bacteria;Proteobacteria;Gammaproteobacteria","HETPER","SAMEA3725908","PRJEB12071","GCA_900044015.1","Complete",0.636713,42.7415,"chromosome I:NZ_LN999835.1/LN999835.1; plasmid II:NZ_LN999836.1/LN999836.1; plasmid III:NZ_LN999837.1/LN999837.1",,3,504,"2016-03-26T00:00:00Z","ftp://ftp.ncbi.nlm.nih.gov/genomes/all/GCA/900/044/015/GCA_900044015.1_HETPER1","ftp://ftp.ncbi.nlm.nih.gov/genomes/all/GCF/900/044/015/GCF_900044015.1_HETPER1"
"Kosakonia arachidis","Bacteria;Proteobacteria;Gammaproteobacteria","KACC 18508","SAMN13053191","PRJNA578222","GCA_009363135.1","Complete",5.17641,52.5262,"chromosome:NZ_CP045300.1/CP045300.1; plasmid unnamed1:NZ_CP045299.1/CP045299.1",,2,4731,"2019-10-27T00:00:00Z","ftp://ftp.ncbi.nlm.nih.gov/genomes/all/GCA/009/363/135/GCA_009363135.1_ASM936313v1","ftp://ftp.ncbi.nlm.nih.gov/genomes/all/GCF/009/363/135/GCF_009363135.1_ASM936313v1"
"Citrobacter portucalensis","Bacteria;Proteobacteria;Gammaproteobacteria","FDAARGOS_617","SAMN11056332","PRJNA231221","GCA_008693605.1","Complete",4.92934,52.0944,"chromosome:NZ_CP044098.1/CP044098.1; plasmid unnamed1:NZ_CP044099.1/CP044099.1",,2,4492,"2019-09-25T00:00:00Z","ftp://ftp.ncbi.nlm.nih.gov/genomes/all/GCA/008/693/605/GCA_008693605.1_ASM869360v1","ftp://ftp.ncbi.nlm.nih.gov/genomes/all/GCF/008/693/605/GCF_008693605.1_ASM869360v1"
"Klebsiella grimontii","Bacteria;Proteobacteria;Gammaproteobacteria","4928STDY7071328","SAMEA104567438","PRJEB22252","GCA_902164675.1"," Chromosome",6.09912,55.6,"chromosome 1:NZ_LR607336.1/LR607336.1",,1,4876,"2019-07-09T00:00:00Z","ftp://ftp.ncbi.nlm.nih.gov/genomes/all/GCA/902/164/675/GCA_902164675.1_25426_7_101","ftp://ftp.ncbi.nlm.nih.gov/genomes/all/GCF/902/164/675/GCF_902164675.1_25426_7_101"
"Scandinavium goeteborgense","Bacteria;Proteobacteria;Gammaproteobacteria","CCUG 66741","SAMN05150228","PRJNA305687","GCA_003935895.2","Complete",4.71396,54.3183,"chromosome:NZ_CP054058.1/CP054058.1; plasmid pSg66741_1:NZ_CP054057.1/CP054057.1",,2,4348,"2020-05-29T00:00:00Z","ftp://ftp.ncbi.nlm.nih.gov/genomes/all/GCA/003/935/895/GCA_003935895.2_ASM393589v2","ftp://ftp.ncbi.nlm.nih.gov/genomes/all/GCF/003/935/895/GCF_003935895.2_ASM393589v2"
"Enterobacter sichuanensis","Bacteria;Proteobacteria;Gammaproteobacteria","SGAir0282","SAMN08222714","PRJNA388547","GCA_009036245.1","Complete",4.71139,55.5,"chromosome:NZ_CP027986.1/CP027986.1",,1,4334,"2019-10-16T00:00:00Z","ftp://ftp.ncbi.nlm.nih.gov/genomes/all/GCA/009/036/245/GCA_009036245.1_ASM903624v1","ftp://ftp.ncbi.nlm.nih.gov/genomes/all/GCF/009/036/245/GCF_009036245.1_ASM903624v1"
"Klebsiella indica","Bacteria;Proteobacteria;Gammaproteobacteria","TOUT106","SAMN11776007","PRJNA543754","GCA_005860775.1","Contig",5.24464,53.5,,"VCHQ01",86,4553,"2019-05-27T00:00:00Z","ftp://ftp.ncbi.nlm.nih.gov/genomes/all/GCA/005/860/775/GCA_005860775.1_ASM586077v1","ftp://ftp.ncbi.nlm.nih.gov/genomes/all/GCF/005/860/775/GCF_005860775.1_ASM586077v1"
"Klebsiella africana","Bacteria;Proteobacteria;Gammaproteobacteria","SB5857","SAMEA4969318","PRJEB29143","GCA_900978845.1","Contig",5.15672,57.3,,"CAAHGQ01",50,4779,"2019-04-09T00:00:00Z","ftp://ftp.ncbi.nlm.nih.gov/genomes/all/GCA/900/978/845/GCA_900978845.1_200023.1","ftp://ftp.ncbi.nlm.nih.gov/genomes/all/GCF/900/978/845/GCF_900978845.1_200023.1"
"Klebsiella spallanzanii","Bacteria;Proteobacteria;Gammaproteobacteria","SB3356","SAMEA5610070","PRJEB15325","GCA_901563875.1","Contig",6.02012,53.5,,"CABEJC01",40,5544,"2019-05-20T00:00:00Z","ftp://ftp.ncbi.nlm.nih.gov/genomes/all/GCA/901/563/875/GCA_901563875.1_SB3356_SG271_Ko3","ftp://ftp.ncbi.nlm.nih.gov/genomes/all/GCF/901/563/875/GCF_901563875.1_SB3356_SG271_Ko3"
"Citrobacter arsenatis","Bacteria;Proteobacteria;Gammaproteobacteria","LY-1","SAMN11080768","PRJNA525916","GCA_004353845.1","Complete",5.37023,51.9244,"chromosome:NZ_CP037864.1/CP037864.1; plasmid unnamed1:NZ_CP037862.1/CP037862.1; plasmid unnamed2:NZ_CP037863.1/CP037863.1",,3,4945,"2019-03-17T00:00:00Z","ftp://ftp.ncbi.nlm.nih.gov/genomes/all/GCA/004/353/845/GCA_004353845.1_ASM435384v1","ftp://ftp.ncbi.nlm.nih.gov/genomes/all/GCF/004/353/845/GCF_004353845.1_ASM435384v1"
"Citrobacter telavivensis","Bacteria;Proteobacteria;Gammaproteobacteria","6105","SAMN12999965","PRJNA576636","GCA_009363175.1","Complete",5.79423,53.3167,"chromosome:CP045205.1; plasmid pCTEL-1:CP045204.1; plasmid pCTEL-2:CP045203.1",,3,5458,"2019-10-27T00:00:00Z","ftp://ftp.ncbi.nlm.nih.gov/genomes/all/GCA/009/363/175/GCA_009363175.1_ASM936317v1","ftp://ftp.ncbi.nlm.nih.gov/genomes/all/GCF/009/363/175/GCF_009363175.1_ASM936317v1"
"Shigella flexneri 2a str. 301","Bacteria;Proteobacteria;Gammaproteobacteria","301","SAMN02603599","PRJNA310","GCA_000006925.2","Complete",4.82882,50.6659,"chromosome:NC_004337.2/AE005674.2; plasmid pCP301:NC_004851.1/AF386526.1",,2,4313,"2002-10-16T00:00:00Z","ftp://ftp.ncbi.nlm.nih.gov/genomes/all/GCA/000/006/925/GCA_000006925.2_ASM692v2","ftp://ftp.ncbi.nlm.nih.gov/genomes/all/GCF/000/006/925/GCF_000006925.2_ASM692v2"
"Salmonella bongori N268-08","Bacteria;Proteobacteria;Gammaproteobacteria","N268-08","SAMN02603391","PRJNA168043","GCA_000439255.1","Complete",4.77354,51.2793,"chromosome:NC_021870.1/CP006608.1; plasmid RM1:NC_021871.1/CP006609.1",,2,4331,"2013-07-23T00:00:00Z","ftp://ftp.ncbi.nlm.nih.gov/genomes/all/GCA/000/439/255/GCA_000439255.1_ASM43925v1","ftp://ftp.ncbi.nlm.nih.gov/genomes/all/GCF/000/439/255/GCF_000439255.1_ASM43925v1"
"Enterobacter hormaechei YT3","Bacteria;Proteobacteria;Gammaproteobacteria","YT3","SAMN02469366","PRJNA180991","GCA_000328885.1","Scaffold",4.80936,55.5,,"ANID01",12,4448,"2012-12-31T00:00:00Z","ftp://ftp.ncbi.nlm.nih.gov/genomes/all/GCA/000/328/885/GCA_000328885.1_SOAPdenovo","ftp://ftp.ncbi.nlm.nih.gov/genomes/all/GCF/000/328/885/GCF_000328885.1_SOAPdenovo"
"Atlantibacter hermannii","Bacteria;Proteobacteria;Gammaproteobacteria","ATCC 33651","SAMN01915842","PRJNA218110","GCA_008064855.1","Complete",4.31532,54.3,"chromosome:NZ_CP042941.1/CP042941.1",,1,3856,"2019-08-22T00:00:00Z","ftp://ftp.ncbi.nlm.nih.gov/genomes/all/GCA/008/064/855/GCA_008064855.1_ASM806485v1","ftp://ftp.ncbi.nlm.nih.gov/genomes/all/GCF/008/064/855/GCF_008064855.1_ASM806485v1"
"Pseudescherichia vulneris","Bacteria;Proteobacteria;Gammaproteobacteria","4928STDY7071515","SAMEA104567622","PRJEB22252","GCA_902164725.1"," Chromosome",4.39882,56.3,"chromosome 1:NZ_LR607338.1/LR607338.1",,1,3525,"2019-07-09T00:00:00Z","ftp://ftp.ncbi.nlm.nih.gov/genomes/all/GCA/902/164/725/GCA_902164725.1_25426_7_251","ftp://ftp.ncbi.nlm.nih.gov/genomes/all/GCF/902/164/725/GCF_902164725.1_25426_7_251"
"Cronobacter dublinensis subsp. dublinensis LMG 23823","Bacteria;Proteobacteria;Gammaproteobacteria","LMG 23823","SAMN03938717","PRJNA291037","GCA_001277235.1","Complete",4.6284,57.7574,"chromosome:NZ_CP012266.1/CP012266.1; plasmid pCDU1:NZ_CP012267.1/CP012267.1",,2,4217,"2015-09-01T00:00:00Z","ftp://ftp.ncbi.nlm.nih.gov/genomes/all/GCA/001/277/235/GCA_001277235.1_ASM127723v1","ftp://ftp.ncbi.nlm.nih.gov/genomes/all/GCF/001/277/235/GCF_001277235.1_ASM127723v1"
"Cronobacter universalis NCTC 9529","Bacteria;Proteobacteria;Gammaproteobacteria","NCTC 9529","SAMN03938715","PRJNA291037","GCA_001277175.1","Complete",4.43687,57.8737,"chromosome:NZ_CP012257.1/CP012257.1; plasmid pCUNV1:NZ_CP012258.1/CP012258.1",,2,4040,"2015-09-01T00:00:00Z","ftp://ftp.ncbi.nlm.nih.gov/genomes/all/GCA/001/277/175/GCA_001277175.1_ASM127717v1","ftp://ftp.ncbi.nlm.nih.gov/genomes/all/GCF/001/277/175/GCF_001277175.1_ASM127717v1"
"Cronobacter condimenti 1330","Bacteria;Proteobacteria;Gammaproteobacteria","LMG 26250","SAMN03938712","PRJNA291037","GCA_001277255.1","Complete",4.49948,55.7394,"chromosome:NZ_CP012264.1/CP012264.1; plasmid pCCO1:NZ_CP012265.1/CP012265.1",,2,4053,"2015-09-01T00:00:00Z","ftp://ftp.ncbi.nlm.nih.gov/genomes/all/GCA/001/277/255/GCA_001277255.1_ASM127725v1","ftp://ftp.ncbi.nlm.nih.gov/genomes/all/GCF/001/277/255/GCF_001277255.1_ASM127725v1"
"Kosakonia radicincitans","Bacteria;Proteobacteria;Gammaproteobacteria","DSM 107547","SAMN11638161","PRJNA542777","GCA_008330085.1","Complete",5.77474,53.9754,"chromosome:NZ_CP040392.1/CP040392.1; plasmid pKrDSM107547:NZ_CP040393.1/CP040393.1",,2,5268,"2019-09-09T00:00:00Z","ftp://ftp.ncbi.nlm.nih.gov/genomes/all/GCA/008/330/085/GCA_008330085.1_ASM833008v1","ftp://ftp.ncbi.nlm.nih.gov/genomes/all/GCF/008/330/085/GCF_008330085.1_ASM833008v1"
"Citrobacter sedlakii","Bacteria;Proteobacteria;Gammaproteobacteria","3347689II","SAMN17736025","PRJNA698767","GCA_018128425.1","Complete",4.96724,54.3808,"chromosome:NZ_CP071070.1/CP071070.1; plasmid p3347089II_1:NZ_CP071071.1/CP071071.1; plasmid p3347089II_2:NZ_CP071072.1/CP071072.1",,3,4533,"2021-04-22T00:00:00Z","ftp://ftp.ncbi.nlm.nih.gov/genomes/all/GCA/018/128/425/GCA_018128425.1_ASM1812842v1","ftp://ftp.ncbi.nlm.nih.gov/genomes/all/GCF/018/128/425/GCF_018128425.1_ASM1812842v1"
"Citrobacter amalonaticus","Bacteria;Proteobacteria;Gammaproteobacteria","FDAARGOS_165","SAMN03996309","PRJNA231221","GCA_001558935.2","Complete",5.08404,53.1318,"chromosome:NZ_CP014070.2/CP014070.2; plasmid unnamed:NZ_CP014069.2/CP014069.2",,2,4679,"2016-02-11T00:00:00Z","ftp://ftp.ncbi.nlm.nih.gov/genomes/all/GCA/001/558/935/GCA_001558935.2_ASM155893v2","ftp://ftp.ncbi.nlm.nih.gov/genomes/all/GCF/001/558/935/GCF_001558935.2_ASM155893v2"
"Raoultella terrigena","Bacteria;Proteobacteria;Gammaproteobacteria","JH01","SAMN14446261","PRJNA615066","GCA_012029655.1","Complete",5.59845,57.4,"chromosome:NZ_CP050508.1/CP050508.1",,1,5045,"2020-04-04T00:00:00Z","ftp://ftp.ncbi.nlm.nih.gov/genomes/all/GCA/012/029/655/GCA_012029655.1_ASM1202965v1","ftp://ftp.ncbi.nlm.nih.gov/genomes/all/GCF/012/029/655/GCF_012029655.1_ASM1202965v1"
"Enterobacter ludwigii","Bacteria;Proteobacteria;Gammaproteobacteria","EN-119","SAMN05787341","PRJNA343411","GCA_001750725.1","Complete",4.95277,54.6038,"chromosome:NZ_CP017279.1/CP017279.1; plasmid pEN-119:NZ_CP017280.1/CP017280.1",,2,4524,"2016-10-03T00:00:00Z","ftp://ftp.ncbi.nlm.nih.gov/genomes/all/GCA/001/750/725/GCA_001750725.1_ASM175072v1","ftp://ftp.ncbi.nlm.nih.gov/genomes/all/GCF/001/750/725/GCF_001750725.1_ASM175072v1"
"Citrobacter pasteurii","Bacteria;Proteobacteria;Gammaproteobacteria","FDAARGOS 1424","SAMN16357566","PRJNA231221","GCA_019047765.1","Complete",5.02132,51.885,"chromosome:NZ_CP077262.1/CP077262.1; plasmid unnamed1:NZ_CP077261.1/CP077261.1; plasmid unnamed2:NZ_CP077263.1/CP077263.1",,3,4642,"2021-06-28T00:00:00Z","ftp://ftp.ncbi.nlm.nih.gov/genomes/all/GCA/019/047/765/GCA_019047765.1_ASM1904776v1","ftp://ftp.ncbi.nlm.nih.gov/genomes/all/GCF/019/047/765/GCF_019047765.1_ASM1904776v1"
"Enterobacter soli","Bacteria;Proteobacteria;Gammaproteobacteria","LF7a","SAMN02232020","PRJNA41509","GCA_000224675.1","Complete",5.01213,53.8376,"chromosome:NC_015968.1/CP003026.1; plasmid pENTAS01:NC_015963.1/CP003027.1; plasmid pENTAS02:NC_015969.1/CP003028.1",,3,4612,"2011-08-30T00:00:00Z","ftp://ftp.ncbi.nlm.nih.gov/genomes/all/GCA/000/224/675/GCA_000224675.1_ASM22467v1","ftp://ftp.ncbi.nlm.nih.gov/genomes/all/GCF/000/224/675/GCF_000224675.1_ASM22467v1"
"Klebsiella quasivariicola","Bacteria;Proteobacteria;Gammaproteobacteria","08A119","SAMN22024810","PRJNA768294","GCA_020525665.1"," Chromosome",5.86902,56.8635,"chromosome:NZ_CP084768.1/CP084768.1; plasmid pKqv_08A119_1:NZ_CP084769.1/CP084769.1",,2,5375,"2021-10-19T00:00:00Z","ftp://ftp.ncbi.nlm.nih.gov/genomes/all/GCA/020/525/665/GCA_020525665.1_ASM2052566v1","ftp://ftp.ncbi.nlm.nih.gov/genomes/all/GCF/020/525/665/GCF_020525665.1_ASM2052566v1"
"Kluyvera ascorbata","Bacteria;Proteobacteria;Gammaproteobacteria","TP1631","SAMD00204448","PRJDB9277","GCA_015099135.1","Complete",5.37131,53.9504,"chromosome:AP022665.1; plasmid pKATP1:AP022666.1; plasmid pKATP2:AP022667.1; plasmid pKATP3:AP022668.1; plasmid pKATP4:AP022669.1; plasmid pKATP5:AP022670.1",,6,5088,"2020-10-05T23:03:00Z","ftp://ftp.ncbi.nlm.nih.gov/genomes/all/GCA/015/099/135/GCA_015099135.1_ASM1509913v1","ftp://ftp.ncbi.nlm.nih.gov/genomes/all/GCF/015/099/135/GCF_015099135.1_ASM1509913v1"
"Raoultella planticola","Bacteria;Proteobacteria;Gammaproteobacteria","KpH165","SAMN23895796","PRJNA788055","GCA_021245905.1","Contig",6.1274,55.3,,"JAJQWX01",8,5663,"2021-12-20T00:00:00Z","ftp://ftp.ncbi.nlm.nih.gov/genomes/all/GCA/021/245/905/GCA_021245905.1_ASM2124590v1","ftp://ftp.ncbi.nlm.nih.gov/genomes/all/GCF/021/245/905/GCF_021245905.1_ASM2124590v1"
"Citrobacter rodentium NBRC 105723 = DSM 16636","Bacteria;Proteobacteria;Gammaproteobacteria","DSM 16636","SAMN21155799","PRJNA759082","GCA_021278985.1","Complete",5.38114,54.6051,"chromosome:NZ_CP082833.1/CP082833.1; plasmid pCRTS:NZ_CP082834.1/CP082834.1",,2,4795,"2021-12-23T00:00:00Z","ftp://ftp.ncbi.nlm.nih.gov/genomes/all/GCA/021/278/985/GCA_021278985.1_ASM2127898v1","ftp://ftp.ncbi.nlm.nih.gov/genomes/all/GCF/021/278/985/GCF_021278985.1_ASM2127898v1"
"Candidatus Hamiltonella defensa 5AT (Acyrthosiphon pisum)","Bacteria;Proteobacteria;Gammaproteobacteria","T5A","SAMN02604135","PRJNA31259","GCA_000021705.1"," Chromosome",2.16936,40.4361,"chromosome:NC_012751.1/CP001277.1; plasmid pHD5AT:NC_012752.1/CP001278.1",,2,1981,"2009-05-05T00:00:00Z","ftp://ftp.ncbi.nlm.nih.gov/genomes/all/GCA/000/021/705/GCA_000021705.1_ASM2170v1","ftp://ftp.ncbi.nlm.nih.gov/genomes/all/GCF/000/021/705/GCF_000021705.1_ASM2170v1"
"Escherichia fergusonii","Bacteria;Proteobacteria;Gammaproteobacteria","RHB19-C05","SAMN15148162","PRJNA605147","GCA_013892435.1","Complete",4.78444,49.9176,"chromosome:NZ_CP057657.1/CP057657.1; plasmid pRHB19-C05_2:NZ_CP057658.1/CP057658.1; plasmid pRHB19-C05_3:NZ_CP057659.1/CP057659.1",,3,4469,"2020-07-29T00:00:00Z","ftp://ftp.ncbi.nlm.nih.gov/genomes/all/GCA/013/892/435/GCA_013892435.1_ASM1389243v1","ftp://ftp.ncbi.nlm.nih.gov/genomes/all/GCF/013/892/435/GCF_013892435.1_ASM1389243v1"
"Cedecea neteri","Bacteria;Proteobacteria;Gammaproteobacteria","FDAARGOS_392","SAMN07312436","PRJNA231221","GCA_002393445.1","Complete",5.4693,54.2162,"chromosome:NZ_CP023525.1/CP023525.1; plasmid unnamed:NZ_CP023526.1/CP023526.1",,2,4953,"2017-09-28T00:00:00Z","ftp://ftp.ncbi.nlm.nih.gov/genomes/all/GCA/002/393/445/GCA_002393445.1_ASM239344v1","ftp://ftp.ncbi.nlm.nih.gov/genomes/all/GCF/002/393/445/GCF_002393445.1_ASM239344v1"
"Lelliottia amnigena","Bacteria;Proteobacteria;Gammaproteobacteria","FDAARGOS_1445","SAMN16357587","PRJNA231221","GCA_019355955.1"," Chromosome",4.59911,52.7426,"chromosome:NZ_CP079896.1/CP079896.1; plasmid unnamed:NZ_CP079897.1/CP079897.1",,2,4225,"2021-07-27T00:00:00Z","ftp://ftp.ncbi.nlm.nih.gov/genomes/all/GCA/019/355/955/GCA_019355955.1_ASM1935595v1","ftp://ftp.ncbi.nlm.nih.gov/genomes/all/GCF/019/355/955/GCF_019355955.1_ASM1935595v1"
"Klebsiella michiganensis","Bacteria;Proteobacteria;Gammaproteobacteria","THO-011","SAMD00196009","PRJDB9036","GCA_015139575.1","Complete",6.04184,55.9961,"chromosome:NZ_AP022547.1/AP022547.1; plasmid pTHO-011-1:NZ_AP022548.1/AP022548.1",,2,5487,"2020-10-08T23:22:00Z","ftp://ftp.ncbi.nlm.nih.gov/genomes/all/GCA/015/139/575/GCA_015139575.1_ASM1513957v1","ftp://ftp.ncbi.nlm.nih.gov/genomes/all/GCF/015/139/575/GCF_015139575.1_ASM1513957v1"
"Klebsiella quasipneumoniae","Bacteria;Proteobacteria;Gammaproteobacteria","KqPF26","SAMN17016750","PRJNA683049","GCA_016415705.1","Complete",5.39112,57.8442,"chromosome:NZ_CP065838.1/CP065838.1; plasmid p1:NZ_CP065839.1/CP065839.1; plasmid p2:NZ_CP065840.1/CP065840.1",,3,5039,"2020-12-15T00:00:00Z","ftp://ftp.ncbi.nlm.nih.gov/genomes/all/GCA/016/415/705/GCA_016415705.1_ASM1641570v1","ftp://ftp.ncbi.nlm.nih.gov/genomes/all/GCF/016/415/705/GCF_016415705.1_ASM1641570v1"
"Enterobacter kobei","Bacteria;Proteobacteria;Gammaproteobacteria","UCI 24","SAMN02356604","PRJNA219274","GCA_000534275.1","Scaffold",4.7738,55,,"JCKW01",1,4381,"2014-02-03T00:00:00Z","ftp://ftp.ncbi.nlm.nih.gov/genomes/all/GCA/000/534/275/GCA_000534275.1_Ente_cloa_UCI_24_V1","ftp://ftp.ncbi.nlm.nih.gov/genomes/all/GCF/000/534/275/GCF_000534275.1_Ente_cloa_UCI_24_V1"
"Enterobacter chengduensis","Bacteria;Proteobacteria;Gammaproteobacteria","WCHECl-C4 = WCHECh050004","SAMN06249239","PRJNA415108","GCA_001984825.2","Complete",5.21812,55.7203,"chromosome:NZ_CP043318.1/CP043318.1; plasmid pLAP2_050004:NZ_CP043319.1/CP043319.1",,2,4758,"2019-08-26T00:00:00Z","ftp://ftp.ncbi.nlm.nih.gov/genomes/all/GCA/001/984/825/GCA_001984825.2_ASM198482v2","ftp://ftp.ncbi.nlm.nih.gov/genomes/all/GCF/001/984/825/GCF_001984825.2_ASM198482v2"
"Klebsiella huaxiensis","Bacteria;Proteobacteria;Gammaproteobacteria","WCHKl090001","SAMN08861555","PRJNA353728","GCA_003261575.2","Complete",6.30083,53.2572,"chromosome:NZ_CP036175.1/CP036175.1; plasmid p1_090001:NZ_CP036176.1/CP036176.1",,2,5677,"2019-02-19T00:00:00Z","ftp://ftp.ncbi.nlm.nih.gov/genomes/all/GCA/003/261/575/GCA_003261575.2_ASM326157v2","ftp://ftp.ncbi.nlm.nih.gov/genomes/all/GCF/003/261/575/GCF_003261575.2_ASM326157v2"
"Cronobacter sakazakii","Bacteria;Proteobacteria;Gammaproteobacteria","CS-931","SAMN07540307","PRJNA399551","GCA_003516125.3","Complete",4.43799,56.8946,"chromosome:NZ_CP027107.1/CP027107.2; plasmid pCsaCS931a:NZ_CP027108.1/CP027108.2; plasmid pCsaCS931b:NZ_CP049260.1/CP049260.1",,3,4044,"2018-09-10T00:00:00Z","ftp://ftp.ncbi.nlm.nih.gov/genomes/all/GCA/003/516/125/GCA_003516125.3_ASM351612v3","ftp://ftp.ncbi.nlm.nih.gov/genomes/all/GCF/003/516/125/GCF_003516125.1_ASM351612v3"
"Enterobacter cancerogenus","Bacteria;Proteobacteria;Gammaproteobacteria","JY65","SAMN20693820","PRJNA753314","GCA_019665745.1"," Chromosome",4.73668,55.8,"chromosome:NZ_CP081105.1/CP081105.1",,1,4319,"2021-08-18T00:00:00Z","ftp://ftp.ncbi.nlm.nih.gov/genomes/all/GCA/019/665/745/GCA_019665745.1_ASM1966574v1","ftp://ftp.ncbi.nlm.nih.gov/genomes/all/GCF/019/665/745/GCF_019665745.1_ASM1966574v1"
"Klebsiella variicola","Bacteria;Proteobacteria;Gammaproteobacteria","LEMB11","SAMN10574723","PRJNA541977","GCA_009648975.1","Complete",5.53665,57.5,"chromosome:NZ_CP045783.1/CP045783.1",,1,5140,"2019-11-11T00:00:00Z","ftp://ftp.ncbi.nlm.nih.gov/genomes/all/GCA/009/648/975/GCA_009648975.1_ASM964897v1","ftp://ftp.ncbi.nlm.nih.gov/genomes/all/GCF/009/648/975/GCF_009648975.1_ASM964897v1"
"Shimwellia blattae DSM 4481 = NBRC 105725","Bacteria;Proteobacteria;Gammaproteobacteria","DSM 4481","SAMN02603253","PRJNA36307","GCA_000262305.1","Complete",4.15872,56.5,"chromosome:NC_017910.1/CP001560.1",,1,3752,"2012-05-10T00:00:00Z","ftp://ftp.ncbi.nlm.nih.gov/genomes/all/GCA/000/262/305/GCA_000262305.1_ASM26230v1","ftp://ftp.ncbi.nlm.nih.gov/genomes/all/GCF/000/262/305/GCF_000262305.1_ASM26230v1"
"Cronobacter malonaticus LMG 23826","Bacteria;Proteobacteria;Gammaproteobacteria","LMG 23826","SAMN03938716","PRJNA291037","GCA_001277215.2","Complete",4.47376,56.8337,"chromosome:NZ_CP013940.1/CP013940.1; plasmid pCMA1:NZ_CP013941.1/CP013941.1; plasmid pCMA2:NZ_CP013942.1/CP013942.1",,3,4090,"2016-01-13T00:00:00Z","ftp://ftp.ncbi.nlm.nih.gov/genomes/all/GCA/001/277/215/GCA_001277215.2_ASM127721v2","ftp://ftp.ncbi.nlm.nih.gov/genomes/all/GCF/001/277/215/GCF_001277215.2_ASM127721v2"
"Kluyvera intermedia","Bacteria;Proteobacteria;Gammaproteobacteria","N2-1","SAMN13135738","PRJNA580050","GCA_009649915.1","Complete",4.93853,52.2865,"chromosome:NZ_CP045845.1/CP045845.1; plasmid pN2-1:NZ_CP045846.1/CP045846.1",,2,4440,"2019-11-12T00:00:00Z","ftp://ftp.ncbi.nlm.nih.gov/genomes/all/GCA/009/649/915/GCA_009649915.1_ASM964991v1","ftp://ftp.ncbi.nlm.nih.gov/genomes/all/GCF/009/649/915/GCF_009649915.1_ASM964991v1"
"Enterobacter bugandensis","Bacteria;Proteobacteria;Gammaproteobacteria","STN0717-56","SAMD00195975","PRJDB9036","GCA_015137655.1","Complete",4.63575,56,"chromosome:NZ_AP022508.1/AP022508.1",,1,4251,"2020-10-08T23:15:00Z","ftp://ftp.ncbi.nlm.nih.gov/genomes/all/GCA/015/137/655/GCA_015137655.1_ASM1513765v1","ftp://ftp.ncbi.nlm.nih.gov/genomes/all/GCF/015/137/655/GCF_015137655.1_ASM1513765v1"
"Phytobacter ursingii","Bacteria;Proteobacteria;Gammaproteobacteria","CAV1151","SAMN03733692","PRJNA246471","GCA_001022135.1","Complete",6.16645,52.4326,"chromosome:NZ_CP011602.1/CP011602.1; plasmid pCAV1151-215:NZ_CP011600.1/CP011600.1; plasmid pCAV1151-296:NZ_CP011601.1/CP011601.1; plasmid pCAV1151-83:NZ_CP011599.1/CP011599.1; plasmid pKPC_CAV1151:NZ_CP011598.1/CP011598.1",,5,5763,"2015-06-09T00:00:00Z","ftp://ftp.ncbi.nlm.nih.gov/genomes/all/GCA/001/022/135/GCA_001022135.1_ASM102213v1","ftp://ftp.ncbi.nlm.nih.gov/genomes/all/GCF/001/022/135/GCF_001022135.1_ASM102213v1"
"Klebsiella pasteurii","Bacteria;Proteobacteria;Gammaproteobacteria","SB6415","SAMEA5610079","PRJEB15325","GCA_902158635.1","Scaffold",5.97209,55.4,,"CABGGT01",22,5425,"2019-07-08T00:00:00Z","ftp://ftp.ncbi.nlm.nih.gov/genomes/all/GCA/902/158/635/GCA_902158635.1_SB6415","ftp://ftp.ncbi.nlm.nih.gov/genomes/all/GCF/902/158/635/GCF_902158635.1_SB6415"
"Kosakonia sacchari","Bacteria;Proteobacteria;Gammaproteobacteria","BO-1","SAMN05349011","PRJNA327605","GCA_001683395.1","Complete",4.90211,53.7,"chromosome:NZ_CP016337.1/CP016337.1",,1,4515,"2016-07-11T00:00:00Z","ftp://ftp.ncbi.nlm.nih.gov/genomes/all/GCA/001/683/395/GCA_001683395.1_ASM168339v1","ftp://ftp.ncbi.nlm.nih.gov/genomes/all/GCF/001/683/395/GCF_001683395.1_ASM168339v1"
"Raoultella electrica","Bacteria;Proteobacteria;Gammaproteobacteria","DSM 102253","SAMN12125603","PRJNA550349","GCA_006711645.1","Complete",5.7852,55.0444,"chromosome:NZ_CP041247.1/CP041247.1; plasmid unnamed1:NZ_CP041248.1/CP041248.1; plasmid unnamed2:NZ_CP041249.1/CP041249.1; plasmid unnamed3:NZ_CP041250.1/CP041250.1; plasmid unnamed4:NZ_CP041251.1/CP041251.1; plasmid unnamed5:NZ_CP041252.1/CP041252.1",,6,5281,"2019-07-08T00:00:00Z","ftp://ftp.ncbi.nlm.nih.gov/genomes/all/GCA/006/711/645/GCA_006711645.1_ASM671164v1","ftp://ftp.ncbi.nlm.nih.gov/genomes/all/GCF/006/711/645/GCF_006711645.1_ASM671164v1"
"Escherichia coli str. K-12 substr. MG1655","Bacteria;Proteobacteria;Gammaproteobacteria","K-12 substr. MG1655","SAMN02604091","PRJNA225","GCA_000005845.2","Complete",4.64165,50.8,"chromosome:NC_000913.3/U00096.3",,1,4298,"1998-10-13T00:00:00Z","ftp://ftp.ncbi.nlm.nih.gov/genomes/all/GCA/000/005/845/GCA_000005845.2_ASM584v2","ftp://ftp.ncbi.nlm.nih.gov/genomes/all/GCF/000/005/845/GCF_000005845.2_ASM584v2"
"Enterobacter asburiae","Bacteria;Proteobacteria;Gammaproteobacteria","1808-013","SAMD00166948","PRJDB8163","GCA_007035645.1","Complete",4.77072,55.7819,"chromosome:NZ_AP019632.1/AP019632.1; plasmid pEAS1808-013-1:NZ_AP019633.1/AP019633.1",,2,4373,"2019-05-14T23:06:00Z","ftp://ftp.ncbi.nlm.nih.gov/genomes/all/GCA/007/035/645/GCA_007035645.1_ASM703564v1","ftp://ftp.ncbi.nlm.nih.gov/genomes/all/GCF/007/035/645/GCF_007035645.1_ASM703564v1"
"Klebsiella aerogenes","Bacteria;Proteobacteria;Gammaproteobacteria","Ka37751","SAMN12330869","PRJNA555744","GCA_007632255.1","Complete",5.24927,54.9419,"chromosome:NZ_CP041925.1/CP041925.1; plasmid unnamed1:NZ_CP041926.1/CP041926.1",,2,4814,"2019-07-30T00:00:00Z","ftp://ftp.ncbi.nlm.nih.gov/genomes/all/GCA/007/632/255/GCA_007632255.1_ASM763225v1","ftp://ftp.ncbi.nlm.nih.gov/genomes/all/GCF/007/632/255/GCF_007632255.1_ASM763225v1"
"Plesiomonas shigelloides","Bacteria;Proteobacteria;Gammaproteobacteria","7A","SAMN23297565","PRJNA781848","GCA_020991025.1","Complete",3.86079,51.6913,"chromosome 1:NZ_CP087711.1/CP087711.1; chromosome 2:NZ_CP087712.1/CP087712.1; plasmid p7A:NZ_CP087713.1/CP087713.1",,3,3252,"2021-11-28T00:00:00Z","ftp://ftp.ncbi.nlm.nih.gov/genomes/all/GCA/020/991/025/GCA_020991025.1_ASM2099102v1","ftp://ftp.ncbi.nlm.nih.gov/genomes/all/GCF/020/991/025/GCF_020991025.1_ASM2099102v1"
"Klebsiella oxytoca","Bacteria;Proteobacteria;Gammaproteobacteria","FDAARGOS_500","SAMN10163176","PRJNA231221","GCA_003812925.1","Complete",5.87908,55.1572,"chromosome:NZ_CP033844.1/CP033844.1; plasmid unnamed1:NZ_CP033845.1/CP033845.1; plasmid unnamed2:NZ_CP033846.1/CP033846.1",,3,5316,"2018-11-21T00:00:00Z","ftp://ftp.ncbi.nlm.nih.gov/genomes/all/GCA/003/812/925/GCA_003812925.1_ASM381292v1","ftp://ftp.ncbi.nlm.nih.gov/genomes/all/GCF/003/812/925/GCF_003812925.1_ASM381292v1"
"Enterobacter cloacae","Bacteria;Proteobacteria;Gammaproteobacteria","GGT036","SAMN03005138","PRJNA259401","GCA_000770155.1","Complete",4.84875,55,"chromosome:NZ_CP009756.1/CP009756.1",,1,4443,"2014-10-31T00:00:00Z","ftp://ftp.ncbi.nlm.nih.gov/genomes/all/GCA/000/770/155/GCA_000770155.1_ASM77015v1","ftp://ftp.ncbi.nlm.nih.gov/genomes/all/GCF/000/770/155/GCF_000770155.1_ASM77015v1"
"Citrobacter freundii","Bacteria;Proteobacteria;Gammaproteobacteria","FDAARGOS_549","SAMN10163242","PRJNA231221","GCA_003812345.1","Complete",5.10216,51.6776,"chromosome:NZ_CP033744.1/CP033744.1; plasmid unnamed:NZ_CP033743.1/CP033743.1",,2,4669,"2018-11-21T00:00:00Z","ftp://ftp.ncbi.nlm.nih.gov/genomes/all/GCA/003/812/345/GCA_003812345.1_ASM381234v1","ftp://ftp.ncbi.nlm.nih.gov/genomes/all/GCF/003/812/345/GCF_003812345.1_ASM381234v1"
"Enterobacter roggenkampii","Bacteria;Proteobacteria;Gammaproteobacteria","DSM 16690","SAMN05581750","PRJNA259658","GCA_001729805.1","Complete",4.9,56.036,"chromosome:NZ_CP017184.1/CP017184.1; plasmid pDSMZ16690:NZ_CP017185.1/CP017185.1",,2,4439,"2016-09-16T00:00:00Z","ftp://ftp.ncbi.nlm.nih.gov/genomes/all/GCA/001/729/805/GCA_001729805.1_ASM172980v1","ftp://ftp.ncbi.nlm.nih.gov/genomes/all/GCF/001/729/805/GCF_001729805.1_ASM172980v1"
"Escherichia coli O157:H7 str. Sakai","Bacteria;Proteobacteria;Gammaproteobacteria","Sakai substr. RIMD 0509952","SAMN01911278","PRJNA226","GCA_000008865.2","Complete",5.5946,50.4477,"chromosome:NC_002695.2/BA000007.3; plasmid pOSAK1:NC_002127.1/AB011548.2; plasmid pO157:NC_002128.1/AB011549.2",,3,5155,"2001-03-07T00:00:00Z","ftp://ftp.ncbi.nlm.nih.gov/genomes/all/GCA/000/008/865/GCA_000008865.2_ASM886v2","ftp://ftp.ncbi.nlm.nih.gov/genomes/all/GCF/000/008/865/GCF_000008865.2_ASM886v2"
"Citrobacter koseri ATCC BAA-895","Bacteria;Proteobacteria;Gammaproteobacteria","ATCC BAA-895","SAMN02603912","PRJNA12716","GCA_000018045.1","Complete",4.73536,53.7998,"chromosome:NC_009792.1/CP000822.1; plasmid pCKO2:NC_009794.1/CP000824.1; plasmid pCKO3:NC_009793.1/CP000823.1",,3,4255,"2007-09-11T00:00:00Z","ftp://ftp.ncbi.nlm.nih.gov/genomes/all/GCA/000/018/045/GCA_000018045.1_ASM1804v1","ftp://ftp.ncbi.nlm.nih.gov/genomes/all/GCF/000/018/045/GCF_000018045.1_ASM1804v1"
"Klebsiella pneumoniae subsp. pneumoniae HS11286","Bacteria;Proteobacteria;Gammaproteobacteria","HS11286","SAMN02602959","PRJNA78789","GCA_000240185.2","Complete",5.68232,57.1373,"chromosome:NC_016845.1/CP003200.1; plasmid pKPHS1:NC_016838.1/CP003223.1; plasmid pKPHS2:NC_016846.1/CP003224.1; plasmid pKPHS3:NC_016839.1/CP003225.1; plasmid pKPHS4:NC_016840.1/CP003226.1; plasmid pKPHS5:NC_016847.1/CP003227.1; plasmid pKPHS6:NC_016841.1/CP003228.1",,7,5779,"2011-12-21T00:00:00Z","ftp://ftp.ncbi.nlm.nih.gov/genomes/all/GCA/000/240/185/GCA_000240185.2_ASM24018v2","ftp://ftp.ncbi.nlm.nih.gov/genomes/all/GCF/000/240/185/GCF_000240185.1_ASM24018v2"
"Salmonella enterica subsp. enterica serovar Typhimurium str. LT2","Bacteria;Proteobacteria;Gammaproteobacteria","LT2","SAMN02604315","PRJNA241","GCA_000006945.2","Complete",4.95138,52.2171,"chromosome:NC_003197.2/AE006468.2; plasmid pSLT:NC_003277.2/AE006471.2",,2,4548,"2001-10-26T00:00:00Z","ftp://ftp.ncbi.nlm.nih.gov/genomes/all/GCA/000/006/945/GCA_000006945.2_ASM694v2","ftp://ftp.ncbi.nlm.nih.gov/genomes/all/GCF/000/006/945/GCF_000006945.2_ASM694v2"
